Workbook

Sheet Customer Names
A1: Customer ID | B1: Title | C1: First name | D1: Last name
A2: Id1 | B2: Hawks | C2: Kelly
A3: Id2 | B3: Lehner | C3: Matthew | D3: D
A4: Id3 | B4: Lu | C4: Phil
A5: Id4 | B5: Osborne | C5: Kelsey
A6: Id5 | B6: Kadala | C6: Kristyn
A7: Id6 | B7: Baker | C7: Russell | D7: B.
A8: Id7 | B8: Macpherson | C8: Scott
A9: Id8 | B9: Hallman | C9: Stephen
A10: Id9 | B10: Moran | C10: Patrick | D10: R.
A11: Id10 | B11: Benner | C11: Brooke | D11: N.
A12: Id11 | B12: Fierro Vargas | C12: Paola | D12: Andrea
A13: Id12 | B13: Franz | C13: David
A14: Id13 | B14: Foster | C14: Wade
A15: Id14 | B15: Tenorio | C15: Franklin
A16: Id15 | B16: Rios | C16: Leilani | D16: M.
A17: Id16 | B17: Viau-Dupuis | C17: Philippe
A18: Id17 | B18: Cronin | C18: Jennifer | D18: A.
A19: Id18 | B19: Noordstar | C19: Christina | D19: M.
A20: Id19 | B20: Boudalia | C20: Said | D20: Sr.
A21: Id20 | B21: Flor | C21: John
A22: Id21 | B22: Fennon | C22: Myles
A23: Id22 | B23: Hribar | C23: Madelyn | D23: C
A24: Id23 | B24: Tassello | C24: Nicole
A25: Id24 | B25: Mauricette | C25: Eric | D25: A.
A26: Id25 | B26: Garcia | C26: Emiliano | D26: I.
A27: Id26 | B27: Airoldi | C27: Adam
A28: Id27 | B28: Cater-Cyker | C28: Zach
A29: Id28 | B29: Hamm | C29: Stephanie | D29: W.
A30: Id29 | B30: Cox | C30: Stephen
A31: Id30 | B31: Sachrajda | C31: Natalie
A32: Id31 | B32: Gareri | C32: Nicole | D32: J.
A33: Id32 | B33: Welch | C33: Jefferson | D33: D
A34: Id33 | B34: Prindiville | C34: Brendan | D34: D.
A35: Id34 | B35: Kincaid | C35: Courtney
A36: Id35 | B36: Bruestle | C36: Sydney | D36: L.
A37: Id36 | B37: Lachance | C37: Julien
A38: Id37 | B38: Eason | C38: Ryan | D38: M
A39: Id38 | B39: Grummon | C39: Anna | D39: H.
A40: Id39 | B40: Vanwechel | C40: Samantha
A41: Id40 | B41: Fisher | C41: Robert
A42: Id41 | B42: Jenkins | C42: James | D42: R.
A43: Id42 | B43: Peters | C43: Roseann
A44: Id43 | B44: Aha | C44: Nicole
A45: Id44 | B45: McElwain | C45: Spencer
A46: Id45 | B46: Januszewski | C46: Eric | D46: W
A47: Id46 | B47: Rohne | C47: Brianna | D47: L
A48: Id47 | B48: O'Grady | C48: Thomas | D48: J.
A49: Id48 | B49: Peters | C49: Melissa | D49: L
A50: Id49 | B50: De Simone | C50: Flavio
A51: Id50 | B51: Beckett | C51: Ryan
A52: Id51 | B52: Sobrilsky | C52: Anthony | D52: J.
A53: Id52 | B53: Wang | C53: Alex
A54: Id53 | B54: Campa | C54: David
A55: Id54 | B55: Clifford | C55: Andrew | D55: B
A56: Id55 | B56: Dalmata | C56: Dara | D56: E
A57: Id56 | B57: Vishik | C57: Inna
A58: Id57 | B58: Schorr | C58: Ari
A59: Id58 | B59: Lusardi | C59: Lindsey
A60: Id59 | B60: Rayner | C60: Kenny
A61: Id60 | B61: Voghel | C61: Louise
A62: Id61 | B62: Rieth | C62: Cameron
A63: Id62 | B63: Gollotto | C63: Katie | D63: T.
A64: Id63 | B64: Dunn | C64: Casey
A65: Id64 | B65: Blitzer | C65: David
A66: Id65 | B66: Smith | C66: Bryson | D66: C.
A67: Id66 | B67: Hyland | C67: Megan
A68: Id67 | B68: Ducharme | C68: Daniel
A69: Id68 | B69: Johnson | C69: Steven | D69: M.
A70: Id69 | B70: Mutz | C70: Jenna | D70: L.
A71: Id70 | B71: Lee | C71: Freeman
A72: Id71 | B72: Turner | C72: Jeff
A73: Id72 | B73: Rangel | C73: Elenilton | D73: V.
A74: Id73 | B74: Lacey | C74: Maurya
A75: Id74 | B75: Stiger | C75: Samantha | D75: C
A76: Id75 | B76: Caldwell | C76: Bethany | D76: A
A77: Id76 | B77: Marmillod | C77: Yves
A78: Id77 | B78: Cloutier-Simons | C78: Danielle
A79: Id78 | B79: Vegas | C79: Julia
A80: Id79 | B80: Cochran | C80: Joshua
A81: Id80 | B81: Holtzapple | C81: Jennifer
A82: Id81 | B82: Meyer | C82: Gwen | D82: M.
A83: Id82 | B83: Brickley | C83: Patrick
A84: Id83 | B84: Magee | C84: Kate
A85: Id84 | B85: Thoma | C85: Kevin
A86: Id85 | B86: Heagy | C86: Stephen | D86: II
A87: Id86 | B87: Regnier | C87: Philip
A88: Id87 | B88: Parendo | C88: Brett | D88: A
A89: Id88 | B89: Schell | C89: Rebecca
A90: Id89 | B90: Driscoll | C90: Kelley
A91: Id90 | B91: Mitchell | C91: Abigail | D91: K
A92: Id91 | B92: Cutler | C92: Hope
A93: Id92 | B93: Derian | C93: Elyse | D93: M.
A94: Id93 | B94: Farina | C94: Nicholas
A95: Id94 | B95: Saunders | C95: David
A96: Id95 | B96: Kratz | C96: Natalie
A97: Id96 | B97: Boland | C97: Thomas
A98: Id97 | B98: Van Hout | C98: Pamela | D98: J.
A99: Id98 | B99: Ramsey | C99: Jessica
A100: Id99 | B100: Gage | C100: Ron | D100: N
...

Sheet Table1
A1: Customer ID | B1: Date of birth | C1: children | D1: charges | E1: Hospital tier | F1: City tier | G1: State ID | H1: new state id | I1: age
A2: Id2335 | B2: 33786 | D2: 563.84 | E2: tier - 2 | F2: tier - 3 | G2: R1013 | H2: R1013 | I2: =DATEDIF(Table1_1[[#This Row],[Date of birth]],TODAY(),"Y") -> 32
A3: Id2334 | B3: 33938 | D3: 570.62 | E3: tier - 2 | F3: tier - 1 | G3: R1013 | H3: R1013 | I3: =DATEDIF(Table1_1[[#This Row],[Date of birth]],TODAY(),"Y") -> 32
A4: Id2333 | B4: 34150 | D4: 600 | E4: tier - 2 | F4: tier - 1 | G4: R1013 | H4: R1013 | I4: =DATEDIF(Table1_1[[#This Row],[Date of birth]],TODAY(),"Y") -> 31
A5: Id2332 | B5: 33860 | D5: 604.54 | E5: tier - 3 | F5: tier - 3 | G5: R1013 | H5: R1013 | I5: =DATEDIF(Table1_1[[#This Row],[Date of birth]],TODAY(),"Y") -> 32
A6: Id2331 | B6: 36003 | D6: 637.26 | E6: tier - 3 | F6: tier - 3 | G6: R1013 | H6: R1013 | I6: =DATEDIF(Table1_1[[#This Row],[Date of birth]],TODAY(),"Y") -> 26
A7: Id2330 | B7: 37215 | D7: 646.14 | E7: tier - 3 | F7: tier - 3 | G7: R1012 | H7: R1012 | I7: =DATEDIF(Table1_1[[#This Row],[Date of birth]],TODAY(),"Y") -> 23
A8: Id2329 | B8: 34121 | D8: 650 | E8: tier - 3 | F8: tier - 3 | G8: R1013 | H8: R1013 | I8: =DATEDIF(Table1_1[[#This Row],[Date of birth]],TODAY(),"Y") -> 31
A9: Id2328 | B9: 34881 | D9: 650 | E9: tier - 3 | F9: tier - 3 | G9: R1013 | H9: R1013 | I9: =DATEDIF(Table1_1[[#This Row],[Date of birth]],TODAY(),"Y") -> 29
A10: Id2327 | B10: 37589 | D10: 668 | E10: tier - 3 | F10: tier - 2 | G10: R1012 | H10: R1012 | I10: =DATEDIF(Table1_1[[#This Row],[Date of birth]],TODAY(),"Y") -> 22
A11: Id2326 | B11: 35735 | D11: 670 | E11: tier - 3 | F11: tier - 3 | G11: R1013 | H11: R1013 | I11: =DATEDIF(Table1_1[[#This Row],[Date of birth]],TODAY(),"Y") -> 27
A12: Id2325 | B12: 37146 | D12: 687.54 | E12: tier - 3 | F12: tier - 2 | G12: R1013 | H12: R1013 | I12: =DATEDIF(Table1_1[[#This Row],[Date of birth]],TODAY(),"Y") -> 23
A13: Id2324 | B13: 36520 | D13: 700 | F13: tier - 3 | G13: R1013 | H13: R1013 | I13: =DATEDIF(Table1_1[[#This Row],[Date of birth]],TODAY(),"Y") -> 25
A14: Id2323 | B14: 36508 | D14: 722.99 | E14: tier - 3 | F14: tier - 1 | G14: R1013 | H14: R1013 | I14: =DATEDIF(Table1_1[[#This Row],[Date of birth]],TODAY(),"Y") -> 25
A15: Id2322 | B15: 37518 | D15: 750 | E15: tier - 3 | F15: tier - 1 | G15: R1012 | H15: R1012 | I15: =DATEDIF(Table1_1[[#This Row],[Date of birth]],TODAY(),"Y") -> 22
A16: Id2321 | B16: 34182 | D16: 760 | E16: tier - 3 | F16: tier - 1 | G16: R1013 | H16: R1013 | I16: =DATEDIF(Table1_1[[#This Row],[Date of birth]],TODAY(),"Y") -> 31
A17: Id2320 | B17: 35360 | D17: 760 | E17: tier - 3 | F17: tier - 3 | G17: R1013 | H17: R1013 | I17: =DATEDIF(Table1_1[[#This Row],[Date of birth]],TODAY(),"Y") -> 28
A18: Id2319 | B18: 34148 | D18: 770 | E18: tier - 3 | F18: tier - 3 | G18: R1013 | H18: R1013 | I18: =DATEDIF(Table1_1[[#This Row],[Date of birth]],TODAY(),"Y") -> 31
A19: Id2318 | B19: 35326 | D19: 770.38 | E19: tier - 3 | G19: R1012 | H19: R1012 | I19: =DATEDIF(Table1_1[[#This Row],[Date of birth]],TODAY(),"Y") -> 28
A20: Id2317 | B20: 35034 | D20: 773.54 | E20: tier - 3 | F20: tier - 2 | G20: R1013 | H20: R1013 | I20: =DATEDIF(Table1_1[[#This Row],[Date of birth]],TODAY(),"Y") -> 29
A21: Id2316 | B21: 38261 | D21: 830.52 | E21: tier - 3 | F21: tier - 2 | G21: R1011 | H21: R1011 | I21: =DATEDIF(Table1_1[[#This Row],[Date of birth]],TODAY(),"Y") -> 20
A22: Id2315 | B22: 36848 | D22: 865.41 | E22: tier - 3 | F22: tier - 1 | G22: R1013 | H22: R1013 | I22: =DATEDIF(Table1_1[[#This Row],[Date of birth]],TODAY(),"Y") -> 24
A23: Id2314 | B23: 34300 | D23: 896.21 | E23: tier - 3 | F23: tier - 1 | G23: R1013 | H23: R1013 | I23: =DATEDIF(Table1_1[[#This Row],[Date of birth]],TODAY(),"Y") -> 31
A24: Id2313 | B24: 34637 | D24: 915.07 | E24: tier - 3 | F24: tier - 1 | G24: R1013 | H24: R1013 | I24: =DATEDIF(Table1_1[[#This Row],[Date of birth]],TODAY(),"Y") -> 30
A25: Id2312 | B25: 35000 | D25: 928.59 | E25: tier - 3 | F25: tier - 1 | G25: R1013 | H25: R1013 | I25: =DATEDIF(Table1_1[[#This Row],[Date of birth]],TODAY(),"Y") -> 29
A26: Id2311 | B26: 37122 | D26: 964.71 | E26: tier - 3 | F26: tier - 2 | G26: R1013 | H26: R1013 | I26: =DATEDIF(Table1_1[[#This Row],[Date of birth]],TODAY(),"Y") -> 23
A27: Id2310 | B27: 34660 | D27: 1006.65 | E27: tier - 3 | F27: tier - 2 | G27: R1013 | H27: R1013 | I27: =DATEDIF(Table1_1[[#This Row],[Date of birth]],TODAY(),"Y") -> 30
A28: Id2309 | B28: 36800 | D28: 1012 | E28: tier - 3 | F28: tier - 2 | G28: R1013 | H28: R1013 | I28: =DATEDIF(Table1_1[[#This Row],[Date of birth]],TODAY(),"Y") -> 24
A29: Id2308 | B29: 36373 | D29: 1019 | E29: tier - 3 | F29: tier - 2 | G29: R1013 | H29: R1013 | I29: =DATEDIF(Table1_1[[#This Row],[Date of birth]],TODAY(),"Y") -> 25
A30: Id2307 | B30: 34973 | D30: 1033.74 | E30: tier - 3 | F30: tier - 1 | G30: R1013 | H30: R1013 | I30: =DATEDIF(Table1_1[[#This Row],[Date of birth]],TODAY(),"Y") -> 29
A31: Id2306 | B31: 34655 | D31: 1044 | E31: tier - 3 | F31: tier - 2 | G31: R1013 | H31: R1013 | I31: =DATEDIF(Table1_1[[#This Row],[Date of birth]],TODAY(),"Y") -> 30
... A46: Id2291 | B46: 37479 | D46: 1137 | E46: tier - 3 | F46: tier - 1 | G46: R1013 | H46: R1013 | I46: =DATEDIF(Table1_1[[#This Row],[Date of birth]],TODAY(),"Y") -> 22
B47: 38292 | D47: 1137.01 | E47: tier - 3 | F47: tier - 1 | G47: R1013 | H47: R1013 | I47: =DATEDIF(Table1_1[[#This Row],[Date of birth]],TODAY(),"Y") -> 20
A48: Id2290 | B48: 38275 | D48: 1137.01 | E48: tier - 3 | F48: tier - 1 | G48: R1013 | H48: R1013 | I48: =DATEDIF(Table1_1[[#This Row],[Date of birth]],TODAY(),"Y") -> 20
A49: Id2289 | B49: 38318 | D49: 1137.47 | E49: tier - 3 | F49: tier - 2 | G49: R1013 | H49: R1013 | I49: =DATEDIF(Table1_1[[#This Row],[Date of birth]],TODAY(),"Y") -> 20
A50: Id2288 | B50: 37189 | D50: 1141 | E50: tier - 3 | F50: tier - 1 | G50: R1013 | H50: R1013 | I50: =DATEDIF(Table1_1[[#This Row],[Date of birth]],TODAY(),"Y") -> 23
A51: Id2287 | B51: 38242 | D51: 1141.45 | E51: tier - 3 | F51: tier - 3 | G51: R1013 | H51: R1013 | I51: =DATEDIF(Table1_1[[#This Row],[Date of birth]],TODAY(),"Y") -> 20
A52: Id2286 | B52: 37530 | D52: 1142 | E52: tier - 3 | F52: tier - 2 | G52: R1011 | H52: R1011 | I52: =DATEDIF(Table1_1[[#This Row],[Date of birth]],TODAY(),"Y") -> 22
A53: Id2285 | B53: 38148 | D53: 1146.8 | E53: tier - 2 | F53: tier - 2 | G53: R1013 | H53: R1013 | I53: =DATEDIF(Table1_1[[#This Row],[Date of birth]],TODAY(),"Y") -> 20
A54: Id2284 | B54: 37784 | D54: 1149 | E54: tier - 2 | F54: tier - 1 | G54: R1012 | H54: R1012 | I54: =DATEDIF(Table1_1[[#This Row],[Date of birth]],TODAY(),"Y") -> 21
A55: Id2283 | B55: 38186 | D55: 1149.4 | E55: tier - 2 | F55: tier - 2 | G55: R1013 | H55: R1013 | I55: =DATEDIF(Table1_1[[#This Row],[Date of birth]],TODAY(),"Y") -> 20
A56: Id2282 | B56: 34541 | D56: 1158.32 | E56: tier - 2 | F56: tier - 1 | G56: R1013 | H56: R1013 | I56: =DATEDIF(Table1_1[[#This Row],[Date of birth]],TODAY(),"Y") -> 30
A57: Id2281 | B57: 38302 | D57: 1163.46 | E57: tier - 2 | F57: tier - 3 | G57: R1013 | H57: R1013 | I57: =DATEDIF(Table1_1[[#This Row],[Date of birth]],TODAY(),"Y") -> 20
A58: Id2280 | B58: 37418 | D58: 1165 | E58: tier - 2 | F58: tier - 3 | G58: R1012 | H58: R1012 | I58: =DATEDIF(Table1_1[[#This Row],[Date of birth]],TODAY(),"Y") -> 22
A59: Id2279 | B59: 37207 | D59: 1167 | E59: tier - 2 | F59: tier - 1 | G59: R1013 | H59: R1013 | I59: =DATEDIF(Table1_1[[#This Row],[Date of birth]],TODAY(),"Y") -> 23
... A295: Id2043 | B295: 38305 | D295: 2773.46 | E295: tier - 2 | F295: tier - 1 | G295: R1021 | H295: R1021 | I295: =DATEDIF(Table1_1[[#This Row],[Date of birth]],TODAY(),"Y") -> 20
B296: 36312 | D296: 2775.19 | E296: tier - 2 | F296: tier - 1 | G296: R1012 | H296: R1012 | I296: =DATEDIF(Table1_1[[#This Row],[Date of birth]],TODAY(),"Y") -> 25
A297: Id2042 | B297: 36401 | D297: 2775.19 | E297: tier - 2 | F297: tier - 1 | G297: R1012 | H297: R1012 | I297: =DATEDIF(Table1_1[[#This Row],[Date of birth]],TODAY(),"Y") -> 25
A298: Id2041 | B298: 36518 | D298: 2789.06 | E298: tier - 2 | F298: tier - 3 | G298: R1012 | H298: R1012 | I298: =DATEDIF(Table1_1[[#This Row],[Date of birth]],TODAY(),"Y") -> 25
A299: Id2040 | B299: 38200 | D299: 2801.26 | E299: tier - 2 | F299: tier - 3 | G299: R1013 | H299: R1013 | I299: =DATEDIF(Table1_1[[#This Row],[Date of birth]],TODAY(),"Y") -> 20
A300: Id2039 | B300: 37887 | D300: 2803.7 | E300: tier - 2 | F300: tier - 1 | G300: R1012 | H300: R1012 | I300: =DATEDIF(Table1_1[[#This Row],[Date of birth]],TODAY(),"Y") -> 21
A301: Id2038 | B301: 36800 | D301: 2819.51 | E301: tier - 2 | F301: tier - 3 | G301: R1011 | H301: R1011 | I301: =DATEDIF(Table1_1[[#This Row],[Date of birth]],TODAY(),"Y") -> 24
A302: Id2037 | B302: 36114 | D302: 2842.76 | E302: tier - 2 | F302: tier - 3 | G302: R1012 | H302: R1012 | I302: =DATEDIF(Table1_1[[#This Row],[Date of birth]],TODAY(),"Y") -> 26
A303: Id2036 | B303: 35963 | D303: 2850.68 | E303: tier - 2 | F303: tier - 3 | G303: R1012 | H303: R1012 | I303: =DATEDIF(Table1_1[[#This Row],[Date of birth]],TODAY(),"Y") -> 26
A304: Id2035 | B304: 36039 | D304: 2855.44 | E304: tier - 2 | F304: tier - 3 | G304: R1012 | H304: R1012 | I304: =DATEDIF(Table1_1[[#This Row],[Date of birth]],TODAY(),"Y") -> 26
A305: Id2034 | B305: 34274 | D305: 2866.09 | E305: tier - 3 | F305: tier - 3 | G305: R1011 | H305: R1011 | I305: =DATEDIF(Table1_1[[#This Row],[Date of birth]],TODAY(),"Y") -> 31
A306: Id2033 | B306: 34193 | D306: 2867.12 | E306: tier - 1 | F306: tier - 3 | G306: R1013 | H306: R1013 | I306: =DATEDIF(Table1_1[[#This Row],[Date of birth]],TODAY(),"Y") -> 31
A307: Id2032 | B307: 35237 | D307: 2897.32 | E307: tier - 3 | F307: tier - 3 | G307: R1016 | H307: R1016 | I307: =DATEDIF(Table1_1[[#This Row],[Date of birth]],TODAY(),"Y") -> 28
A308: Id2031 | B308: 36721 | D308: 2897.46 | E308: tier - 2 | F308: tier - 1 | G308: R1012 | H308: R1012 | I308: =DATEDIF(Table1_1[[#This Row],[Date of birth]],TODAY(),"Y") -> 24
... A545: Id1794 | B545: 29768 | D545: 4827.1 | E545: tier - 2 | F545: tier - 1 | G545: R1013 | H545: R1013 | I545: =DATEDIF(Table1_1[[#This Row],[Date of birth]],TODAY(),"Y") -> 43
A546: Id1793 | B546: 35034 | D546: 4827.9 | E546: tier - 1 | F546: tier - 2 | H546: unkown | I546: =DATEDIF(Table1_1[[#This Row],[Date of birth]],TODAY(),"Y") -> 29
A547: Id1792 | B547: 37434 | D547: 4830.63 | E547: tier - 2 | F547: tier - 1 | G547: R1011 | H547: R1011 | I547: =DATEDIF(Table1_1[[#This Row],[Date of birth]],TODAY(),"Y") -> 22
A548: Id1791 | B548: 36871 | D548: 4835.43 | E548: tier - 2 | F548: tier - 2 | G548: R1021 | H548: R1021 | I548: =DATEDIF(Table1_1[[#This Row],[Date of birth]],TODAY(),"Y") -> 24
A549: Id1790 | B549: 33857 | D549: 4837.58 | E549: tier - 3 | F549: tier - 2 | G549: R1013 | H549: R1013 | I549: =DATEDIF(Table1_1[[#This Row],[Date of birth]],TODAY(),"Y") -> 32
A550: Id1789 | B550: 30970 | D550: 4839.18 | E550: tier - 2 | F550: tier - 1 | G550: R1012 | H550: R1012 | I550: =DATEDIF(Table1_1[[#This Row],[Date of birth]],TODAY(),"Y") -> 40
A551: Id1788 | B551: 34971 | D551: 4840.95 | E551: tier - 2 | F551: tier - 1 | G551: R1021 | H551: R1021 | I551: =DATEDIF(Table1_1[[#This Row],[Date of birth]],TODAY(),"Y") -> 29
A552: Id1787 | B552: 29202 | D552: 4843.79 | E552: tier - 2 | F552: tier - 3 | G552: R1013 | H552: R1013 | I552: =DATEDIF(Table1_1[[#This Row],[Date of birth]],TODAY(),"Y") -> 45
A553: Id1786 | B553: 27283 | D553: 4844.67 | E553: tier - 2 | F553: tier - 2 | G553: R1013 | H553: R1013 | I553: =DATEDIF(Table1_1[[#This Row],[Date of birth]],TODAY(),"Y") -> 50
A554: Id1785 | B554: 37043 | D554: 4846.53 | E554: tier - 2 | F554: tier - 3 | G554: R1021 | H554: R1021 | I554: =DATEDIF(Table1_1[[#This Row],[Date of birth]],TODAY(),"Y") -> 23
A555: Id1784 | B555: 35060 | D555: 4846.92 | E555: tier - 2 | F555: tier - 3 | G555: R1017 | H555: R1017 | I555: =DATEDIF(Table1_1[[#This Row],[Date of birth]],TODAY(),"Y") -> 29
A556: Id1783 | B556: 32752 | D556: 4859.89 | E556: tier - 2 | F556: tier - 3 | G556: R1011 | H556: R1011 | I556: =DATEDIF(Table1_1[[#This Row],[Date of birth]],TODAY(),"Y") -> 35
A557: Id1782 | B557: 35702 | D557: 4877.98 | E557: tier - 2 | F557: tier - 3 | G557: R1012 | H557: R1012 | I557: =DATEDIF(Table1_1[[#This Row],[Date of birth]],TODAY(),"Y") -> 27
A558: Id1781 | B558: 31769 | D558: 4883.87 | E558: tier - 2 | F558: tier - 1 | G558: R1011 | H558: R1011 | I558: =DATEDIF(Table1_1[[#This Row],[Date of birth]],TODAY(),"Y") -> 38
... A732: Id1607 | B732: 31250 | D732: 6198.75 | E732: tier - 2 | F732: tier - 1 | G732: R1012 | H732: R1012 | I732: =DATEDIF(Table1_1[[#This Row],[Date of birth]],TODAY(),"Y") -> 39
B733: 31401 | D733: 6203.9 | E733: tier - 1 | F733: tier - 2 | G733: R1012 | H733: R1012 | I733: =DATEDIF(Table1_1[[#This Row],[Date of birth]],TODAY(),"Y") -> 39
A734: Id1606 | B734: 31312 | D734: 6203.9 | E734: tier - 2 | F734: tier - 2 | G734: R1012 | H734: R1012 | I734: =DATEDIF(Table1_1[[#This Row],[Date of birth]],TODAY(),"Y") -> 39
A735: Id1605 | B735: 36413 | D735: 6207.26 | E735: tier - 2 | F735: tier - 2 | G735: R1026 | H735: R1026 | I735: =DATEDIF(Table1_1[[#This Row],[Date of birth]],TODAY(),"Y") -> 25
A736: Id1604 | B736: 33828 | D736: 6208.5 | E736: tier - 2 | F736: tier - 1 | G736: R1021 | H736: R1021 | I736: =DATEDIF(Table1_1[[#This Row],[Date of birth]],TODAY(),"Y") -> 32
A737: Id1603 | B737: 26479 | D737: 6219.93 | E737: tier - 2 | F737: tier - 2 | G737: R1013 | H737: R1013 | I737: =DATEDIF(Table1_1[[#This Row],[Date of birth]],TODAY(),"Y") -> 52
A738: Id1602 | B738: 28752 | D738: 6236.95 | E738: tier - 2 | F738: tier - 2 | G738: R1013 | H738: R1013 | I738: =DATEDIF(Table1_1[[#This Row],[Date of birth]],TODAY(),"Y") -> 46
A739: Id1601 | B739: 30539 | D739: 6238.3 | E739: tier - 2 | F739: tier - 1 | G739: R1011 | H739: R1011 | I739: =DATEDIF(Table1_1[[#This Row],[Date of birth]],TODAY(),"Y") -> 41
A740: Id1600 | B740: 29138 | D740: 6250.44 | E740: tier - 2 | F740: tier - 1 | G740: R1011 | H740: R1011 | I740: =DATEDIF(Table1_1[[#This Row],[Date of birth]],TODAY(),"Y") -> 45
A741: Id1599 | B741: 26614 | D741: 6253.85 | E741: tier - 2 | F741: tier - 2 | G741: R1013 | H741: R1013 | I741: =DATEDIF(Table1_1[[#This Row],[Date of birth]],TODAY(),"Y") -> 52
A742: Id1598 | B742: 26543 | D742: 6254.13 | E742: tier - 2 | F742: tier - 2 | G742: R1012 | H742: R1012 | I742: =DATEDIF(Table1_1[[#This Row],[Date of birth]],TODAY(),"Y") -> 52
A743: Id1597 | B743: 25852 | D743: 6255.38 | E743: tier - 2 | F743: tier - 2 | G743: R1013 | H743: R1013 | I743: =DATEDIF(Table1_1[[#This Row],[Date of birth]],TODAY(),"Y") -> 54
A744: Id1596 | B744: 34989 | D744: 6261.2 | E744: tier - 2 | F744: tier - 1 | G744: R1026 | H744: R1026 | I744: =DATEDIF(Table1_1[[#This Row],[Date of birth]],TODAY(),"Y") -> 29
A745: Id1595 | B745: 30950 | D745: 6269.33 | E745: tier - 2 | F745: tier - 1 | G745: R1013 | H745: R1013 | I745: =DATEDIF(Table1_1[[#This Row],[Date of birth]],TODAY(),"Y") -> 40
... A2130: Id212 | B2130: 26155 | D2130: 35583.17 | E2130: tier - 1 | F2130: tier - 3 | G2130: R1011 | H2130: R1011 | I2130: =DATEDIF(Table1_1[[#This Row],[Date of birth]],TODAY(),"Y") -> 53
B2131: 36812 | D2131: 35585.58 | E2131: tier - 1 | F2131: tier - 2 | G2131: R1011 | H2131: R1011 | I2131: =DATEDIF(Table1_1[[#This Row],[Date of birth]],TODAY(),"Y") -> 24
A2132: Id211 | B2132: 36849 | D2132: 35585.58 | E2132: tier - 2 | F2132: tier - 3 | G2132: R1011 | H2132: R1011 | I2132: =DATEDIF(Table1_1[[#This Row],[Date of birth]],TODAY(),"Y") -> 24
A2133: Id210 | B2133: 36877 | D2133: 35595.59 | E2133: tier - 2 | F2133: tier - 3 | G2133: R1013 | H2133: R1013 | I2133: =DATEDIF(Table1_1[[#This Row],[Date of birth]],TODAY(),"Y") -> 24
A2134: Id209 | B2134: 28843 | D2134: 35701.9 | E2134: tier - 2 | F2134: tier - 1 | G2134: R1011 | H2134: R1011 | I2134: =DATEDIF(Table1_1[[#This Row],[Date of birth]],TODAY(),"Y") -> 46
A2135: Id208 | B2135: 27225 | D2135: 35711.39 | E2135: tier - 2 | F2135: tier - 3 | G2135: R1012 | H2135: R1012 | I2135: =DATEDIF(Table1_1[[#This Row],[Date of birth]],TODAY(),"Y") -> 50
A2136: Id207 | B2136: 28034 | D2136: 35733.96 | E2136: tier - 2 | F2136: tier - 2 | G2136: R1011 | H2136: R1011 | I2136: =DATEDIF(Table1_1[[#This Row],[Date of birth]],TODAY(),"Y") -> 48
A2137: Id206 | B2137: 33773 | D2137: 35883.27 | E2137: tier - 2 | F2137: tier - 1 | G2137: R1011 | H2137: R1011 | I2137: =DATEDIF(Table1_1[[#This Row],[Date of birth]],TODAY(),"Y") -> 32
A2138: Id205 | B2138: 29912 | D2138: 35952.65 | E2138: tier - 1 | F2138: tier - 3 | G2138: R1011 | H2138: R1011 | I2138: =DATEDIF(Table1_1[[#This Row],[Date of birth]],TODAY(),"Y") -> 43
A2139: Id204 | B2139: 36404 | D2139: 36021.01 | E2139: tier - 2 | F2139: tier - 3 | G2139: R1013 | H2139: R1013 | I2139: =DATEDIF(Table1_1[[#This Row],[Date of birth]],TODAY(),"Y") -> 25
A2140: Id203 | B2140: 23214 | D2140: 36074.34 | E2140: tier - 2 | F2140: tier - 1 | G2140: R1011 | H2140: R1011 | I2140: =DATEDIF(Table1_1[[#This Row],[Date of birth]],TODAY(),"Y") -> 61
A2141: Id202 | B2141: 35297 | D2141: 36085.22 | E2141: tier - 1 | F2141: tier - 1 | G2141: R1011 | H2141: R1011 | I2141: =DATEDIF(Table1_1[[#This Row],[Date of birth]],TODAY(),"Y") -> 28
A2142: Id201 | B2142: 29160 | D2142: 36090.49 | E2142: tier - 2 | F2142: tier - 2 | G2142: R1011 | H2142: R1011 | I2142: =DATEDIF(Table1_1[[#This Row],[Date of birth]],TODAY(),"Y") -> 45
...

Sheet Hospitalisation Details
A1: Customer ID | B1: year | C1: month | D1: date | E1: children | F1: currency | G1: Hospital tier | H1: City tier | I1: State ID | J1: new state id
A2: Id2335 | B2: 1992 | C2: Jul | F2: 563.84 | G2: tier - 2 | H2: tier - 3 | I2: R1013 | J2: =IF(ISBLANK('Hospitalisation Details'!I2),"unkown",'Hospitalisation Details'!I2) -> R1013
A3: Id2334 | B3: 1992 | C3: Nov | D3: 30 | F3: 570.62 | G3: tier - 2 | H3: tier - 1 | I3: R1013 | J3: =IF(ISBLANK('Hospitalisation Details'!I3),"unkown",'Hospitalisation Details'!I3) -> R1013
A4: Id2333 | B4: 1993 | C4: Jun | D4: 30 | F4: 600 | G4: tier - 2 | H4: tier - 1 | I4: R1013 | J4: =IF(ISBLANK('Hospitalisation Details'!I4),"unkown",'Hospitalisation Details'!I4) -> R1013
A5: Id2332 | B5: 1992 | C5: Sep | D5: 13 | F5: 604.54 | G5: tier - 3 | H5: tier - 3 | I5: R1013 | J5: =IF(ISBLANK('Hospitalisation Details'!I5),"unkown",'Hospitalisation Details'!I5) -> R1013
A6: Id2331 | B6: 1998 | C6: Jul | D6: 27 | F6: 637.26 | G6: tier - 3 | H6: tier - 3 | I6: R1013 | J6: =IF(ISBLANK('Hospitalisation Details'!I6),"unkown",'Hospitalisation Details'!I6) -> R1013
A7: Id2330 | B7: 2001 | C7: Nov | D7: 20 | F7: 646.14 | G7: tier - 3 | H7: tier - 3 | I7: R1012 | J7: =IF(ISBLANK('Hospitalisation Details'!I7),"unkown",'Hospitalisation Details'!I7) -> R1012
A8: Id2329 | B8: 1993 | C8: Jun | F8: 650 | G8: tier - 3 | H8: tier - 3 | I8: R1013 | J8: =IF(ISBLANK('Hospitalisation Details'!I8),"unkown",'Hospitalisation Details'!I8) -> R1013
A9: Id2328 | B9: 1995 | C9: Jul | F9: 650 | G9: tier - 3 | H9: tier - 3 | I9: R1013 | J9: =IF(ISBLANK('Hospitalisation Details'!I9),"unkown",'Hospitalisation Details'!I9) -> R1013
A10: Id2327 | B10: 2002 | C10: Nov | D10: 29 | F10: 668 | G10: tier - 3 | H10: tier - 2 | I10: R1012 | J10: =IF(ISBLANK('Hospitalisation Details'!I10),"unkown",'Hospitalisation Details'!I10) -> R1012
A11: Id2326 | B11: 1997 | C11: Nov | F11: 670 | G11: tier - 3 | H11: tier - 3 | I11: R1013 | J11: =IF(ISBLANK('Hospitalisation Details'!I11),"unkown",'Hospitalisation Details'!I11) -> R1013
A12: Id2325 | B12: 2001 | C12: Sep | D12: 12 | F12: 687.54 | G12: tier - 3 | H12: tier - 2 | I12: R1013 | J12: =IF(ISBLANK('Hospitalisation Details'!I12),"unkown",'Hospitalisation Details'!I12) -> R1013
A13: Id2324 | B13: 1999 | C13: Dec | D13: 26 | F13: 700 | H13: tier - 3 | I13: R1013 | J13: =IF(ISBLANK('Hospitalisation Details'!I13),"unkown",'Hospitalisation Details'!I13) -> R1013
A14: Id2323 | B14: 1999 | C14: Dec | D14: 14 | F14: 722.99 | G14: tier - 3 | H14: tier - 1 | I14: R1013 | J14: =IF(ISBLANK('Hospitalisation Details'!I14),"unkown",'Hospitalisation Details'!I14) -> R1013
A15: Id2322 | B15: 2002 | C15: sep | D15: 19 | F15: 750 | G15: tier - 3 | H15: tier - 1 | I15: R1012 | J15: =IF(ISBLANK('Hospitalisation Details'!I15),"unkown",'Hospitalisation Details'!I15) -> R1012
A16: Id2321 | B16: 1993 | C16: Aug | F16: 760 | G16: tier - 3 | H16: tier - 1 | I16: R1013 | J16: =IF(ISBLANK('Hospitalisation Details'!I16),"unkown",'Hospitalisation Details'!I16) -> R1013
A17: Id2320 | B17: 1996 | C17: Oct | D17: 22 | F17: 760 | G17: tier - 3 | H17: tier - 3 | I17: R1013 | J17: =IF(ISBLANK('Hospitalisation Details'!I17),"unkown",'Hospitalisation Details'!I17) -> R1013
A18: Id2319 | B18: 1993 | C18: Jun | D18: 28 | F18: 770 | G18: tier - 3 | H18: tier - 3 | I18: R1013 | J18: =IF(ISBLANK('Hospitalisation Details'!I18),"unkown",'Hospitalisation Details'!I18) -> R1013
A19: Id2318 | B19: 1996 | C19: sep | D19: 18 | F19: 770.38 | G19: tier - 3 | I19: R1012 | J19: =IF(ISBLANK('Hospitalisation Details'!I19),"unkown",'Hospitalisation Details'!I19) -> R1012
A20: Id2317 | B20: 1995 | C20: Dec | F20: 773.54 | G20: tier - 3 | H20: tier - 2 | I20: R1013 | J20: =IF(ISBLANK('Hospitalisation Details'!I20),"unkown",'Hospitalisation Details'!I20) -> R1013
A21: Id2316 | B21: 2004 | C21: Oct | F21: 830.52 | G21: tier - 3 | H21: tier - 2 | I21: R1011 | J21: =IF(ISBLANK('Hospitalisation Details'!I21),"unkown",'Hospitalisation Details'!I21) -> R1011
A22: Id2315 | B22: 2000 | C22: Nov | D22: 18 | F22: 865.41 | G22: tier - 3 | H22: tier - 1 | I22: R1013 | J22: =IF(ISBLANK('Hospitalisation Details'!I22),"unkown",'Hospitalisation Details'!I22) -> R1013
A23: Id2314 | B23: 1993 | C23: Nov | D23: 27 | F23: 896.21 | G23: tier - 3 | H23: tier - 1 | I23: R1013 | J23: =IF(ISBLANK('Hospitalisation Details'!I23),"unkown",'Hospitalisation Details'!I23) -> R1013
A24: Id2313 | B24: 1994 | C24: Oct | D24: 30 | F24: 915.07 | G24: tier - 3 | H24: tier - 1 | I24: R1013 | J24: =IF(ISBLANK('Hospitalisation Details'!I24),"unkown",'Hospitalisation Details'!I24) -> R1013
A25: Id2312 | B25: 1995 | C25: Oct | D25: 28 | F25: 928.59 | G25: tier - 3 | H25: tier - 1 | I25: R1013 | J25: =IF(ISBLANK('Hospitalisation Details'!I25),"unkown",'Hospitalisation Details'!I25) -> R1013
A26: Id2311 | B26: 2001 | C26: Aug | D26: 19 | F26: 964.71 | G26: tier - 3 | H26: tier - 2 | I26: R1013 | J26: =IF(ISBLANK('Hospitalisation Details'!I26),"unkown",'Hospitalisation Details'!I26) -> R1013
A27: Id2310 | B27: 1994 | C27: Nov | D27: 22 | F27: 1006.65 | G27: tier - 3 | H27: tier - 2 | I27: R1013 | J27: =IF(ISBLANK('Hospitalisation Details'!I27),"unkown",'Hospitalisation Details'!I27) -> R1013
A28: Id2309 | B28: 2000 | C28: Oct | F28: 1012 | G28: tier - 3 | H28: tier - 2 | I28: R1013 | J28: =IF(ISBLANK('Hospitalisation Details'!I28),"unkown",'Hospitalisation Details'!I28) -> R1013
A29: Id2308 | B29: 1999 | C29: Aug | F29: 1019 | G29: tier - 3 | H29: tier - 2 | I29: R1013 | J29: =IF(ISBLANK('Hospitalisation Details'!I29),"unkown",'Hospitalisation Details'!I29) -> R1013
A30: Id2307 | B30: 1995 | C30: Oct | F30: 1033.74 | G30: tier - 3 | H30: tier - 1 | I30: R1013 | J30: =IF(ISBLANK('Hospitalisation Details'!I30),"unkown",'Hospitalisation Details'!I30) -> R1013
A31: Id2306 | B31: 1994 | C31: Nov | D31: 17 | F31: 1044 | G31: tier - 3 | H31: tier - 2 | I31: R1013 | J31: =IF(ISBLANK('Hospitalisation Details'!I31),"unkown",'Hospitalisation Details'!I31) -> R1013
A32: Id2305 | B32: 2002 | C32: Jul | D32: 20 | F32: 1047 | G32: tier - 3 | H32: tier - 1 | I32: R1013 | J32: =IF(ISBLANK('Hospitalisation Details'!I32),"unkown",'Hospitalisation Details'!I32) -> R1013
A33: Id2304 | B33: 2002 | C33: Jul | F33: 1049 | G33: tier - 3 | H33: tier - 2 | I33: R1012 | J33: =IF(ISBLANK('Hospitalisation Details'!I33),"unkown",'Hospitalisation Details'!I33) -> R1012
A34: Id2303 | B34: 1995 | C34: Jun | F34: 1056 | G34: tier - 3 | H34: tier - 2 | I34: R1013 | J34: =IF(ISBLANK('Hospitalisation Details'!I34),"unkown",'Hospitalisation Details'!I34) -> R1013
A35: Id2302 | B35: 1993 | C35: Sep | D35: 28 | F35: 1068 | G35: tier - 3 | H35: tier - 1 | I35: R1013 | J35: =IF(ISBLANK('Hospitalisation Details'!I35),"unkown",'Hospitalisation Details'!I35) -> R1013
A36: Id2301 | B36: 2004 | C36: Aug | D36: 24 | F36: 1070 | G36: tier - 3 | H36: tier - 3 | I36: R1013 | J36: =IF(ISBLANK('Hospitalisation Details'!I36),"unkown",'Hospitalisation Details'!I36) -> R1013
A37: Id2300 | B37: 1997 | C37: Aug | D37: 13 | F37: 1071 | G37: tier - 3 | H37: tier - 3 | I37: R1013 | J37: =IF(ISBLANK('Hospitalisation Details'!I37),"unkown",'Hospitalisation Details'!I37) -> R1013
A38: Id2299 | B38: 1998 | C38: Dec | D38: 26 | F38: 1082 | G38: tier - 3 | H38: tier - 2 | I38: R1013 | J38: =IF(ISBLANK('Hospitalisation Details'!I38),"unkown",'Hospitalisation Details'!I38) -> R1013
A39: Id2298 | B39: 2002 | C39: Aug | D39: 13 | F39: 1086 | G39: tier - 3 | H39: tier - 3 | I39: R1013 | J39: =IF(ISBLANK('Hospitalisation Details'!I39),"unkown",'Hospitalisation Details'!I39) -> R1013
A40: Id2297 | B40: 2004 | C40: Nov | D40: 12 | F40: 1121.87 | G40: tier - 3 | H40: tier - 1 | I40: R1013 | J40: =IF(ISBLANK('Hospitalisation Details'!I40),"unkown",'Hospitalisation Details'!I40) -> R1013
A41: Id2296 | B41: 2004 | C41: Jun | D41: 14 | F41: 1131.51 | G41: tier - 3 | H41: tier - 1 | I41: R1013 | J41: =IF(ISBLANK('Hospitalisation Details'!I41),"unkown",'Hospitalisation Details'!I41) -> R1013
A42: Id2295 | B42: 2002 | C42: Jul | D42: 19 | F42: 1132 | G42: tier - 3 | H42: tier - 1 | I42: R1013 | J42: =IF(ISBLANK('Hospitalisation Details'!I42),"unkown",'Hospitalisation Details'!I42) -> R1013
A43: Id2294 | B43: 2004 | C43: Oct | F43: 1135 | G43: tier - 3 | H43: tier - 3 | I43: R1013 | J43: =IF(ISBLANK('Hospitalisation Details'!I43),"unkown",'Hospitalisation Details'!I43) -> R1013
A44: Id2293 | B44: 2004 | C44: Jun | D44: 11 | F44: 1135.94 | G44: tier - 3 | H44: tier - 3 | I44: R1013 | J44: =IF(ISBLANK('Hospitalisation Details'!I44),"unkown",'Hospitalisation Details'!I44) -> R1013
A45: Id2292 | B45: 2004 | C45: Nov | D45: 28 | F45: 1136.4 | G45: tier - 3 | H45: tier - 3 | I45: R1013 | J45: =IF(ISBLANK('Hospitalisation Details'!I45),"unkown",'Hospitalisation Details'!I45) -> R1013
A46: Id2291 | B46: 2002 | C46: Aug | D46: 11 | F46: 1137 | G46: tier - 3 | H46: tier - 1 | I46: R1013 | J46: =IF(ISBLANK('Hospitalisation Details'!I46),"unkown",'Hospitalisation Details'!I46) -> R1013
B47: 2004 | C47: Nov | F47: 1137.01 | G47: tier - 3 | H47: tier - 1 | I47: R1013 | J47: =IF(ISBLANK('Hospitalisation Details'!I47),"unkown",'Hospitalisation Details'!I47) -> R1013
A48: Id2290 | B48: 2004 | C48: Oct | D48: 15 | F48: 1137.01 | G48: tier - 3 | H48: tier - 1 | I48: R1013 | J48: =IF(ISBLANK('Hospitalisation Details'!I48),"unkown",'Hospitalisation Details'!I48) -> R1013
A49: Id2289 | B49: 2004 | C49: Nov | D49: 27 | F49: 1137.47 | G49: tier - 3 | H49: tier - 2 | I49: R1013 | J49: =IF(ISBLANK('Hospitalisation Details'!I49),"unkown",'Hospitalisation Details'!I49) -> R1013
A50: Id2288 | B50: 2001 | C50: Oct | D50: 25 | F50: 1141 | G50: tier - 3 | H50: tier - 1 | I50: R1013 | J50: =IF(ISBLANK('Hospitalisation Details'!I50),"unkown",'Hospitalisation Details'!I50) -> R1013
A51: Id2287 | B51: 2004 | C51: Sep | D51: 12 | F51: 1141.45 | G51: tier - 3 | H51: tier - 3 | I51: R1013 | J51: =IF(ISBLANK('Hospitalisation Details'!I51),"unkown",'Hospitalisation Details'!I51) -> R1013
A52: Id2286 | B52: 2002 | C52: Oct | F52: 1142 | G52: tier - 3 | H52: tier - 2 | I52: R1011 | J52: =IF(ISBLANK('Hospitalisation Details'!I52),"unkown",'Hospitalisation Details'!I52) -> R1011
A53: Id2285 | B53: 2004 | C53: Jun | D53: 10 | F53: 1146.8 | G53: tier - 2 | H53: tier - 2 | I53: R1013 | J53: =IF(ISBLANK('Hospitalisation Details'!I53),"unkown",'Hospitalisation Details'!I53) -> R1013
A54: Id2284 | B54: 2003 | C54: Jun | D54: 12 | F54: 1149 | G54: tier - 2 | H54: tier - 1 | I54: R1012 | J54: =IF(ISBLANK('Hospitalisation Details'!I54),"unkown",'Hospitalisation Details'!I54) -> R1012
A55: Id2283 | B55: 2004 | C55: Jul | D55: 18 | F55: 1149.4 | G55: tier - 2 | H55: tier - 2 | I55: R1013 | J55: =IF(ISBLANK('Hospitalisation Details'!I55),"unkown",'Hospitalisation Details'!I55) -> R1013
A56: Id2282 | B56: 1994 | C56: Jul | D56: 26 | F56: 1158.32 | G56: tier - 2 | H56: tier - 1 | I56: R1013 | J56: =IF(ISBLANK('Hospitalisation Details'!I56),"unkown",'Hospitalisation Details'!I56) -> R1013
A57: Id2281 | B57: 2004 | C57: Nov | D57: 11 | F57: 1163.46 | G57: tier - 2 | H57: tier - 3 | I57: R1013 | J57: =IF(ISBLANK('Hospitalisation Details'!I57),"unkown",'Hospitalisation Details'!I57) -> R1013
A58: Id2280 | B58: 2002 | C58: Jun | D58: 11 | F58: 1165 | G58: tier - 2 | H58: tier - 3 | I58: R1012 | J58: =IF(ISBLANK('Hospitalisation Details'!I58),"unkown",'Hospitalisation Details'!I58) -> R1012
A59: Id2279 | B59: 2001 | C59: Nov | D59: 12 | F59: 1167 | G59: tier - 2 | H59: tier - 1 | I59: R1013 | J59: =IF(ISBLANK('Hospitalisation Details'!I59),"unkown",'Hospitalisation Details'!I59) -> R1013
A60: Id2278 | B60: 1996 | C60: Aug | D60: 11 | F60: 1178 | G60: tier - 2 | H60: tier - 3 | I60: R1013 | J60: =IF(ISBLANK('Hospitalisation Details'!I60),"unkown",'Hospitalisation Details'!I60) -> R1013
A61: Id2277 | B61: 1997 | C61: Jun | D61: 28 | F61: 1178.07 | G61: tier - 2 | H61: tier - 2 | I61: R1013 | J61: =IF(ISBLANK('Hospitalisation Details'!I61),"unkown",'Hospitalisation Details'!I61) -> R1013
A62: Id2276 | B62: 2002 | C62: Aug | D62: 26 | F62: 1191 | G62: tier - 2 | H62: tier - 1 | I62: R1013 | J62: =IF(ISBLANK('Hospitalisation Details'!I62),"unkown",'Hospitalisation Details'!I62) -> R1013
A63: Id2275 | B63: 1999 | C63: Jun | D63: 28 | F63: 1200 | G63: tier - 2 | H63: tier - 3 | I63: R1012 | J63: =IF(ISBLANK('Hospitalisation Details'!I63),"unkown",'Hospitalisation Details'!I63) -> R1012
A64: Id2274 | B64: 1992 | C64: Oct | F64: 1200.55 | G64: tier - 2 | H64: tier - 3 | I64: R1013 | J64: =IF(ISBLANK('Hospitalisation Details'!I64),"unkown",'Hospitalisation Details'!I64) -> R1013
A65: Id2273 | B65: 2004 | C65: Jun | F65: 1210 | G65: tier - 2 | H65: tier - 1 | I65: R1013 | J65: =IF(ISBLANK('Hospitalisation Details'!I65),"unkown",'Hospitalisation Details'!I65) -> R1013
A66: Id2272 | B66: 1996 | C66: Nov | F66: 1220 | G66: tier - 2 | H66: tier - 3 | I66: R1012 | J66: =IF(ISBLANK('Hospitalisation Details'!I66),"unkown",'Hospitalisation Details'!I66) -> R1012
A67: Id2271 | B67: 2004 | C67: Jul | F67: 1224 | G67: tier - 2 | H67: tier - 1 | I67: R1013 | J67: =IF(ISBLANK('Hospitalisation Details'!I67),"unkown",'Hospitalisation Details'!I67) -> R1013
A68: Id2270 | B68: 2004 | C68: Oct | D68: 16 | F68: 1228 | G68: tier - 2 | H68: tier - 1 | I68: R1012 | J68: =IF(ISBLANK('Hospitalisation Details'!I68),"unkown",'Hospitalisation Details'!I68) -> R1012
A69: Id2269 | B69: 1998 | C69: Jul | D69: 13 | F69: 1234 | G69: tier - 2 | H69: tier - 1 | I69: R1013 | J69: =IF(ISBLANK('Hospitalisation Details'!I69),"unkown",'Hospitalisation Details'!I69) -> R1013
A70: Id2268 | B70: 2002 | C70: Dec | D70: 12 | F70: 1237 | G70: tier - 2 | H70: tier - 2 | I70: R1013 | J70: =IF(ISBLANK('Hospitalisation Details'!I70),"unkown",'Hospitalisation Details'!I70) -> R1013
A71: Id2267 | B71: 1998 | C71: Oct | D71: 11 | F71: 1240 | G71: tier - 2 | H71: tier - 1 | I71: R1012 | J71: =IF(ISBLANK('Hospitalisation Details'!I71),"unkown",'Hospitalisation Details'!I71) -> R1012
A72: Id2266 | B72: 2002 | C72: Jul | F72: 1241 | G72: tier - 2 | H72: tier - 2 | I72: R1013 | J72: =IF(ISBLANK('Hospitalisation Details'!I72),"unkown",'Hospitalisation Details'!I72) -> R1013
A73: Id2265 | B73: 2003 | C73: Aug | F73: 1241.57 | G73: tier - 2 | H73: tier - 2 | I73: R1011 | J73: =IF(ISBLANK('Hospitalisation Details'!I73),"unkown",'Hospitalisation Details'!I73) -> R1011
A74: Id2264 | B74: 2003 | C74: Sep | D74: 15 | F74: 1242.26 | G74: tier - 2 | H74: tier - 1 | I74: R1011 | J74: =IF(ISBLANK('Hospitalisation Details'!I74),"unkown",'Hospitalisation Details'!I74) -> R1011
A75: Id2263 | B75: 2003 | C75: Sep | F75: 1242.82 | G75: tier - 2 | H75: tier - 1 | I75: R1011 | J75: =IF(ISBLANK('Hospitalisation Details'!I75),"unkown",'Hospitalisation Details'!I75) -> R1011
A76: Id2262 | B76: 2003 | C76: Sep | D76: 15 | F76: 1252.41 | G76: tier - 2 | H76: tier - 3 | I76: R1011 | J76: =IF(ISBLANK('Hospitalisation Details'!I76),"unkown",'Hospitalisation Details'!I76) -> R1011
A77: Id2261 | B77: 1997 | C77: Nov | F77: 1253 | G77: tier - 2 | H77: tier - 2 | I77: R1013 | J77: =IF(ISBLANK('Hospitalisation Details'!I77),"unkown",'Hospitalisation Details'!I77) -> R1013
A78: Id2260 | B78: 2003 | C78: Dec | D78: 10 | F78: 1253.94 | G78: tier - 2 | H78: tier - 2 | I78: R1011 | J78: =IF(ISBLANK('Hospitalisation Details'!I78),"unkown",'Hospitalisation Details'!I78) -> R1011
A79: Id2259 | B79: 2003 | C79: Oct | D79: 13 | F79: 1256.3 | G79: tier - 2 | H79: tier - 3 | I79: R1011 | J79: =IF(ISBLANK('Hospitalisation Details'!I79),"unkown",'Hospitalisation Details'!I79) -> R1011
A80: Id2258 | B80: 2003 | C80: Oct | D80: 30 | F80: 1261.44 | G80: tier - 2 | H80: tier - 3 | I80: R1011 | J80: =IF(ISBLANK('Hospitalisation Details'!I80),"unkown",'Hospitalisation Details'!I80) -> R1011
A81: Id2257 | B81: 2003 | C81: Aug | D81: 15 | F81: 1261.86 | G81: tier - 2 | H81: tier - 3 | I81: R1011 | J81: =IF(ISBLANK('Hospitalisation Details'!I81),"unkown",'Hospitalisation Details'!I81) -> R1011
A82: Id2256 | B82: 2003 | C82: Nov | D82: 21 | F82: 1263.25 | G82: tier - 2 | H82: tier - 3 | I82: R1011 | J82: =IF(ISBLANK('Hospitalisation Details'!I82),"unkown",'Hospitalisation Details'!I82) -> R1011
A83: Id2255 | B83: 2002 | C83: Dec | F83: 1267 | G83: tier - 2 | H83: tier - 1 | I83: R1013 | J83: =IF(ISBLANK('Hospitalisation Details'!I83),"unkown",'Hospitalisation Details'!I83) -> R1013
A84: Id2254 | B84: 1997 | C84: Oct | D84: 26 | F84: 1276 | G84: tier - 2 | H84: tier - 2 | I84: R1012 | J84: =IF(ISBLANK('Hospitalisation Details'!I84),"unkown",'Hospitalisation Details'!I84) -> R1012
A85: Id2253 | B85: 2004 | C85: Sep | D85: 30 | F85: 1283 | G85: tier - 2 | H85: tier - 1 | I85: R1013 | J85: =IF(ISBLANK('Hospitalisation Details'!I85),"unkown",'Hospitalisation Details'!I85) -> R1013
A86: Id2252 | B86: 2004 | C86: Jul | D86: 28 | F86: 1285 | G86: tier - 2 | H86: tier - 3 | I86: R1013 | J86: =IF(ISBLANK('Hospitalisation Details'!I86),"unkown",'Hospitalisation Details'!I86) -> R1013
A87: Id2251 | B87: 2000 | C87: Jun | D87: 26 | F87: 1286 | G87: tier - 2 | H87: tier - 2 | I87: R1013 | J87: =IF(ISBLANK('Hospitalisation Details'!I87),"unkown",'Hospitalisation Details'!I87) -> R1013
A88: Id2250 | B88: 1998 | C88: Jun | F88: 1290.93 | G88: tier - 2 | H88: tier - 2 | I88: R1013 | J88: =IF(ISBLANK('Hospitalisation Details'!I88),"unkown",'Hospitalisation Details'!I88) -> R1013
A89: Id2249 | B89: 2001 | C89: Nov | D89: 29 | F89: 1293 | G89: tier - 2 | H89: tier - 3 | I89: R1012 | J89: =IF(ISBLANK('Hospitalisation Details'!I89),"unkown",'Hospitalisation Details'!I89) -> R1012
A90: Id2248 | B90: 2002 | C90: Dec | D90: 10 | F90: 1304 | G90: tier - 2 | H90: tier - 2 | I90: R1012 | J90: =IF(ISBLANK('Hospitalisation Details'!I90),"unkown",'Hospitalisation Details'!I90) -> R1012
A91: Id2247 | B91: 1999 | C91: Dec | F91: 1304 | G91: tier - 2 | H91: tier - 2 | I91: R1013 | J91: =IF(ISBLANK('Hospitalisation Details'!I91),"unkown",'Hospitalisation Details'!I91) -> R1013
A92: Id2246 | B92: 2002 | C92: Oct | D92: 13 | F92: 1315 | G92: tier - 2 | H92: tier - 2 | I92: R1013 | J92: =IF(ISBLANK('Hospitalisation Details'!I92),"unkown",'Hospitalisation Details'!I92) -> R1013
A93: Id2245 | B93: 1999 | C93: Oct | D93: 14 | F93: 1329.17 | G93: tier - 2 | H93: tier - 3 | I93: R1013 | J93: =IF(ISBLANK('Hospitalisation Details'!I93),"unkown",'Hospitalisation Details'!I93) -> R1013
A94: Id2244 | B94: 1998 | C94: Jul | D94: 12 | F94: 1332.61 | G94: tier - 2 | H94: tier - 3 | I94: R1013 | J94: =IF(ISBLANK('Hospitalisation Details'!I94),"unkown",'Hospitalisation Details'!I94) -> R1013
A95: Id2243 | B95: 1995 | C95: Jul | D95: 30 | F95: 1338 | G95: tier - 2 | H95: tier - 3 | I95: R1012 | J95: =IF(ISBLANK('Hospitalisation Details'!I95),"unkown",'Hospitalisation Details'!I95) -> R1012
A96: Id2242 | B96: 1997 | C96: Nov | F96: 1341.16 | G96: tier - 2 | H96: tier - 2 | I96: R1012 | J96: =IF(ISBLANK('Hospitalisation Details'!I96),"unkown",'Hospitalisation Details'!I96) -> R1012
A97: Id2241 | B97: 1998 | C97: Dec | F97: 1359 | G97: tier - 2 | H97: tier - 1 | I97: R1013 | J97: =IF(ISBLANK('Hospitalisation Details'!I97),"unkown",'Hospitalisation Details'!I97) -> R1013
A98: Id2240 | B98: 2002 | C98: Aug | D98: 15 | F98: 1382 | G98: tier - 2 | H98: tier - 1 | I98: R1013 | J98: =IF(ISBLANK('Hospitalisation Details'!I98),"unkown",'Hospitalisation Details'!I98) -> R1013
A99: Id2239 | B99: 1999 | C99: Jul | F99: 1389 | G99: tier - 2 | H99: tier - 2 | I99: R1013 | J99: =IF(ISBLANK('Hospitalisation Details'!I99),"unkown",'Hospitalisation Details'!I99) -> R1013
A100: Id2238 | B100: 2002 | C100: Nov | D100: 14 | F100: 1390 | G100: tier - 2 | H100: tier - 2 | I100: R1013 | J100: =IF(ISBLANK('Hospitalisation Details'!I100),"unkown",'Hospitalisation Details'!I100) -> R1013
...

Sheet Table3
A1: Customer ID | B1: BMI | C1: HBA1C | D1: Heart Issues | E1: Any Transplants | F1: Cancer history | G1: NumberOfMajorSurgeries | H1: smoker | I1: Weight status
A2: Id1 | B2: 47.41 | C2: 7.47 | D2: No | E2: No | F2: No | G2: 0 | H2: yes | I2: Normal weight
A3: Id2 | B3: 30.36 | C3: 5.77 | D3: No | E3: No | F3: No | G3: 0 | H3: yes | I3: Normal weight
A4: Id3 | B4: 34.485 | C4: 11.87 | D4: yes | E4: No | F4: No | G4: 2 | H4: yes | I4: Normal weight
A5: Id4 | B5: 38.095 | C5: 6.05 | D5: No | E5: No | F5: No | G5: 0 | H5: yes | I5: Normal weight
A6: Id5 | B6: 35.53 | C6: 5.45 | D6: No | E6: No | F6: No | G6: 0 | H6: yes | I6: Normal weight
A7: Id6 | B7: 32.8 | C7: 6.59 | D7: No | E7: No | F7: No | G7: 0 | H7: yes | I7: Normal weight
A8: Id7 | B8: 36.4 | C8: 6.07 | D8: No | E8: No | F8: No | G8: 0 | H8: yes | I8: Normal weight
A9: Id8 | B9: 36.96 | C9: 7.93 | D9: No | E9: No | F9: No | G9: 3 | H9: yes | I9: Normal weight
A10: Id9 | B10: 41.14 | C10: 9.58 | D10: yes | E10: No | F10: Yes | G10: 1 | H10: yes | I10: Normal weight
A11: Id10 | B11: 38.06 | C11: 10.79 | D11: No | E11: No | F11: No | G11: 0 | H11: yes | I11: Normal weight
A12: Id11 | B12: 37.7 | C12: 5.96 | D12: yes | E12: No | F12: No | G12: 2 | H12: yes | I12: Normal weight
A13: Id12 | B13: 42.13 | C13: 11.9 | D13: No | E13: No | F13: No | G13: 0 | H13: yes | I13: Normal weight
... A2336: Id2335 | B2336: 17.58 | C2336: 4.51 | D2336: No | E2336: No | F2336: No | G2336: 1 | H2336: No | I2336: Under weight

Sheet Table3__2
A1: Customer ID | B1: BMI | C1: HBA1C | D1: Heart Issues | E1: Any Transplants | F1: Cancer history | G1: NumberOfMajorSurgeries | H1: smoker | I1: Weight status | J1: Diabetes status
A2: Id1 | B2: 47.41 | C2: 7.47 | D2: No | E2: No | F2: No | G2: 0 | H2: yes | I2: Normal weight | J2: Prediabetes
A3: Id2 | B3: 30.36 | C3: 5.77 | D3: No | E3: No | F3: No | G3: 0 | H3: yes | I3: Normal weight | J3: Diabetes
A4: Id3 | B4: 34.485 | C4: 11.87 | D4: yes | E4: No | F4: No | G4: 2 | H4: yes | I4: Normal weight | J4: Prediabetes
A5: Id4 | B5: 38.095 | C5: 6.05 | D5: No | E5: No | F5: No | G5: 0 | H5: yes | I5: Normal weight | J5: Diabetes
A6: Id5 | B6: 35.53 | C6: 5.45 | D6: No | E6: No | F6: No | G6: 0 | H6: yes | I6: Normal weight | J6: Normal
A7: Id6 | B7: 32.8 | C7: 6.59 | D7: No | E7: No | F7: No | G7: 0 | H7: yes | I7: Normal weight | J7: Prediabetes
A8: Id7 | B8: 36.4 | C8: 6.07 | D8: No | E8: No | F8: No | G8: 0 | H8: yes | I8: Normal weight | J8: Diabetes
A9: Id8 | B9: 36.96 | C9: 7.93 | D9: No | E9: No | F9: No | G9: 3 | H9: yes | I9: Normal weight | J9: Prediabetes
A10: Id9 | B10: 41.14 | C10: 9.58 | D10: yes | E10: No | F10: Yes | G10: 1 | H10: yes | I10: Normal weight | J10: Prediabetes
A11: Id10 | B11: 38.06 | C11: 10.79 | D11: No | E11: No | F11: No | G11: 0 | H11: yes | I11: Normal weight | J11: Prediabetes
A12: Id11 | B12: 37.7 | C12: 5.96 | D12: yes | E12: No | F12: No | G12: 2 | H12: yes | I12: Normal weight | J12: Diabetes
A13: Id12 | B13: 42.13 | C13: 11.9 | D13: No | E13: No | F13: No | G13: 0 | H13: yes | I13: Normal weight | J13: Prediabetes
... A2338: Id2337 | B2338: 115.16776 | C2338: 62.529877 | D2338: yes | E2338: No | F2338: No | G2338: 1 | H2338: yes | I2338: Normal weight | J2338: Normal
G2339: 0
G2340: 1
G2341: 1
G2342: 0
G2343: 1
G2344: 1
G2345: 1
G2346: 1
G2347: 1

Sheet Table3 (2)
A1: Customer ID | B1: BMI | C1: HBA1C | D1: Heart Issues | E1: Any Transplants | F1: Cancer history | G1: NumberOfMajorSurgeries | H1: smoker | I1: Weight status
A2: Id1 | B2: 47.41 | C2: 7.47 | D2: No | E2: No | F2: No | G2: 0 | H2: yes | I2: Normal weight
A3: Id2 | B3: 30.36 | C3: 5.77 | D3: No | E3: No | F3: No | G3: 0 | H3: yes | I3: Normal weight
A4: Id3 | B4: 34.485 | C4: 11.87 | D4: yes | E4: No | F4: No | G4: 2 | H4: yes | I4: Normal weight
A5: Id4 | B5: 38.095 | C5: 6.05 | D5: No | E5: No | F5: No | G5: 0 | H5: yes | I5: Normal weight
A6: Id5 | B6: 35.53 | C6: 5.45 | D6: No | E6: No | F6: No | G6: 0 | H6: yes | I6: Normal weight
A7: Id6 | B7: 32.8 | C7: 6.59 | D7: No | E7: No | F7: No | G7: 0 | H7: yes | I7: Normal weight
A8: Id7 | B8: 36.4 | C8: 6.07 | D8: No | E8: No | F8: No | G8: 0 | H8: yes | I8: Normal weight
A9: Id8 | B9: 36.96 | C9: 7.93 | D9: No | E9: No | F9: No | G9: 3 | H9: yes | I9: Normal weight
A10: Id9 | B10: 41.14 | C10: 9.58 | D10: yes | E10: No | F10: Yes | G10: 1 | H10: yes | I10: Normal weight
A11: Id10 | B11: 38.06 | C11: 10.79 | D11: No | E11: No | F11: No | G11: 0 | H11: yes | I11: Normal weight
A12: Id11 | B12: 37.7 | C12: 5.96 | D12: yes | E12: No | F12: No | G12: 2 | H12: yes | I12: Normal weight
A13: Id12 | B13: 42.13 | C13: 11.9 | D13: No | E13: No | F13: No | G13: 0 | H13: yes | I13: Normal weight
... A2336: Id2335 | B2336: 17.58 | C2336: 4.51 | D2336: No | E2336: No | F2336: No | G2336: 1 | H2336: No | I2336: Under weight

Sheet Medical Examinations
A1: Customer ID | B1: BMI | C1: HBA1C | D1: Heart Issues | E1: Any Transplants | F1: Cancer history | G1: NumberOfMajorSurgeries | H1: smoker | I1: Weight ststus
A2: Id1 | B2: 47.41 | C2: 7.47 | D2: No | E2: No | F2: No | G2: 0 | H2: yes
A3: Id2 | B3: 30.36 | C3: 5.77 | D3: No | E3: No | F3: No | G3: 0 | H3: yes
A4: Id3 | B4: 34.485 | C4: 11.87 | D4: yes | E4: No | F4: No | G4: 2 | H4: yes
A5: Id4 | B5: 38.095 | C5: 6.05 | D5: No | E5: No | F5: No | G5: 0 | H5: yes
A6: Id5 | B6: 35.53 | C6: 5.45 | D6: No | E6: No | F6: No | G6: 0 | H6: yes
A7: Id6 | B7: 32.8 | C7: 6.59 | D7: No | E7: No | F7: No | G7: 0 | H7: yes
A8: Id7 | B8: 36.4 | C8: 6.07 | D8: No | E8: No | F8: No | G8: 0 | H8: yes
A9: Id8 | B9: 36.96 | C9: 7.93 | D9: No | E9: No | F9: No | G9: 3 | H9: yes
A10: Id9 | B10: 41.14 | C10: 9.58 | D10: yes | E10: No | F10: Yes | G10: 1 | H10: yes
A11: Id10 | B11: 38.06 | C11: 10.79 | D11: No | E11: No | F11: No | G11: 0 | H11: yes
A12: Id11 | B12: 37.7 | C12: 5.96 | D12: yes | E12: No | F12: No | G12: 2 | H12: yes
A13: Id12 | B13: 42.13 | C13: 11.9 | D13: No | E13: No | F13: No | G13: 0 | H13: yes
... A2336: Id2335 | B2336: 17.58 | C2336: 4.51 | D2336: No | E2336: No | F2336: No | G2336: 1 | H2336: No

Sheet pivote table
B3: Column Labels
B4: Cancer history | C4: Yes | D4: No | E4: Grand Total
A5: Smoker | B5: 1 | C5: 245 | D5: 2090 | E5: 2336
H11: Column Labels
H12: 4.72 | I12: 4.72 Total | J12: 5.45 | K12: 5.45 Total | L12: 5.77 | M12: 5.77 Total | N12: 5.96 | O12: 5.96 Total | P12: 6.05 | Q12: 6.05 Total | R12: 6.07 | S12: 6.07 Total | T12: 6.59 | U12: 6.59 Total | V12: 7.02 | W12: 7.02 Total | X12: 7.29 | Y12: 7.29 Total | Z12: 7.47 | AA12: 7.47 Total | AB12: 7.59 | AC12: 7.59 Total | AD12: 7.67 | AE12: 7.67 Total | AF12: 7.93 | AG12: 7.93 Total | AH12: 8.1007018 | AI12: 8.10070175438596 Total | AJ12: 8.124193 | AK12: 8.12419298245614 Total | AL12: 8.1476842 | AM12: 8.14768421052631 Total | AN12: 8.1711754 | AO12: 8.17117543859649 Total | AP12: 8.1946667 | AQ12: 8.19466666666666 Total | AR12: 8.2181579 | AS12: 8.21815789473684 Total | AT12: 8.2416491 | AU12: 8.24164912280702 Total | AV12: 8.2651404 | AW12: 8.26514035087719 Total | AX12: 8.2886316 | AY12: 8.28863157894737 Total | AZ12: 8.3121228 | BA12: 8.31212280701754 Total | BB12: 8.335614 | BC12: 8.33561403508772 Total | BD12: 8.3591053 | BE12: 8.35910526315789 Total | BF12: 8.3825965 | BG12: 8.38259649122807 Total | BH12: 8.4060877 | BI12: 8.40608771929824 Total | BJ12: 8.41 | BK12: 8.41 Total | BL12: 8.4295789 | BM12: 8.42957894736842 Total | BN12: 8.4530702 | BO12: 8.4530701754386 Total | BP12: 8.4765614 | BQ12: 8.47656140350877 Total | BR12: 8.5000526 | BS12: 8.50005263157895 Total | BT12: 8.5235439 | BU12: 8.52354385964912 Total | BV12: 8.5470351 | BW12: 8.5470350877193 Total | BX12: 8.5705263 | BY12: 8.57052631578947 Total | BZ12: 8.5940175 | CA12: 8.59401754385965 Total | CB12: 8.6175088 | CC12: 8.61750877192982 Total | CD12: 8.641 | CE12: 8.641 Total | CF12: 8.6644912 | CG12: 8.66449122807018 Total | CH12: 8.6879825 | CI12: 8.68798245614035 Total | CJ12: 8.7114737 | CK12: 8.71147368421053 Total | CL12: 8.7349649 | CM12: 8.7349649122807 Total | CN12: 8.7584561 | CO12: 8.75845614035088 Total | CP12: 8.7819474 | CQ12: 8.78194736842105 Total | CR12: 8.8054386 | CS12: 8.80543859649123 Total | CT12: 8.8289298 | CU12: 8.8289298245614 Total | CV12: 8.8524211 | CW12: 8.85242105263158 Total | CX12: 8.8759123 | CY12: 8.87591228070175 Total | CZ12: 8.8994035 | DA12: 8.89940350877193 Total | DB12: 8.9228947 | DC12: 8.92289473684211 Total | DD12: 8.946386 | DE12: 8.94638596491228 Total | DF12: 8.9698772 | DG12: 8.96987719298246 Total | DH12: 8.9933684 | DI12: 8.99336842105263 Total | DJ12: 9.0168596 | DK12: 9.01685964912281 Total | DL12: 9.0403509 | DM12: 9.04035087719298 Total | DN12: 9.0638421 | DO12: 9.06384210526316 Total | DP12: 9.0873333 | DQ12: 9.08733333333333 Total | DR12: 9.1108246 | DS12: 9.11082456140351 Total | DT12: 9.1343158 | DU12: 9.13431578947369 Total | DV12: 9.157807 | DW12: 9.15780701754386 Total | DX12: 9.1812982 | DY12: 9.18129824561404 Total | DZ12: 9.2047895 | EA12: 9.20478947368421 Total | EB12: 9.2282807 | EC12: 9.22828070175439 Total | ED12: 9.2517719 | EE12: 9.25177192982456 Total | EF12: 9.2752632 | EG12: 9.27526315789474 Total | EH12: 9.2987544 | EI12: 9.29875438596491 Total | EJ12: 9.3222456 | EK12: 9.32224561403509 Total | EL12: 9.3457368 | EM12: 9.34573684210526 Total | EN12: 9.3692281 | EO12: 9.36922807017544 Total | EP12: 9.3927193 | EQ12: 9.39271929824562 Total | ER12: 9.4162105 | ES12: 9.41621052631579 Total | ET12: 9.4397018 | EU12: 9.43970175438597 Total | EV12: 9.463193 | EW12: 9.46319298245614 Total | EX12: 9.4866842 | EY12: 9.48668421052632 Total | EZ12: 9.5101754 | FA12: 9.51017543859649 Total | FB12: 9.5336667 | FC12: 9.53366666666667 Total | FD12: 9.5571579 | FE12: 9.55715789473684 Total | FF12: 9.58 | FG12: 9.58 Total | FH12: 9.5806491 | FI12: 9.58064912280702 Total | FJ12: 9.6041404 | FK12: 9.60414035087719 Total | FL12: 9.6276316 | FM12: 9.62763157894737 Total | FN12: 9.6511228 | FO12: 9.65112280701755 Total | FP12: 9.674614 | FQ12: 9.67461403508772 Total | FR12: 9.6981053 | FS12: 9.6981052631579 Total | FT12: 9.7215965 | FU12: 9.72159649122807 Total | FV12: 9.7450877 | FW12: 9.74508771929825 Total | FX12: 9.7685789 | FY12: 9.76857894736842 Total | FZ12: 9.7920702 | GA12: 9.7920701754386 Total | GB12: 9.8155614 | GC12: 9.81556140350877 Total | GD12: 9.8390526 | GE12: 9.83905263157895 Total | GF12: 9.8625439 | GG12: 9.86254385964912 Total | GH12: 9.8860351 | GI12: 9.8860350877193 Total | GJ12: 9.9095263 | GK12: 9.90952631578948 Total | GL12: 9.9330175 | GM12: 9.93301754385965 Total | GN12: 9.9565088 | GO12: 9.95650877192983 Total | GP12: 9.98 | GQ12: 9.98 Total | GR12: 10.003491 | GS12: 10.0034912280702 Total | GT12: 10.026982 | GU12: 10.0269824561403 Total | GV12: 10.050474 | GW12: 10.0504736842105 Total | GX12: 10.073965 | GY12: 10.0739649122807 Total | GZ12: 10.097456 | HA12: 10.0974561403509 Total | HB12: 10.120947 | HC12: 10.1209473684211 Total | HD12: 10.144439 | HE12: 10.1444385964912 Total | HF12: 10.16793 | HG12: 10.1679298245614 Total | HH12: 10.191421 | HI12: 10.1914210526316 Total | HJ12: 10.214912 | HK12: 10.2149122807018 Total | HL12: 10.238404 | HM12: 10.2384035087719 Total | HN12: 10.261895 | HO12: 10.2618947368421 Total | HP12: 10.285386 | HQ12: 10.2853859649123 Total | HR12: 10.308877 | HS12: 10.3088771929825 Total | HT12: 10.332368 | HU12: 10.3323684210526 Total | HV12: 10.35586 | HW12: 10.3558596491228 Total | HX12: 10.379351 | HY12: 10.379350877193 Total | HZ12: 10.402842 | IA12: 10.4028421052632 Total | IB12: 10.426333 | IC12: 10.4263333333333 Total | ID12: 10.449825 | IE12: 10.4498245614035 Total | IF12: 10.473316 | IG12: 10.4733157894737 Total | IH12: 10.496807 | II12: 10.4968070175439 Total | IJ12: 10.520298 | IK12: 10.520298245614 Total | IL12: 10.543789 | IM12: 10.5437894736842 Total | IN12: 10.567281 | IO12: 10.5672807017544 Total | IP12: 10.590772 | IQ12: 10.5907719298246 Total | IR12: 10.614263 | IS12: 10.6142631578947 Total | IT12: 10.637754 | IU12: 10.6377543859649 Total | IV12: 10.661246 | IW12: 10.6612456140351 Total | IX12: 10.684737 | IY12: 10.6847368421053 Total | IZ12: 10.708228 | JA12: 10.7082280701754 Total | JB12: 10.731719 | JC12: 10.7317192982456 Total | JD12: 10.755211 | JE12: 10.7552105263158 Total | JF12: 10.778702 | JG12: 10.778701754386 Total | JH12: 10.79 | JI12: 10.79 Total | JJ12: 10.802193 | JK12: 10.8021929824561 Total | JL12: 10.825684 | JM12: 10.8256842105263 Total | JN12: 10.849175 | JO12: 10.8491754385965 Total | JP12: 10.872667 | JQ12: 10.8726666666667 Total | JR12: 10.896158 | JS12: 10.8961578947368 Total | JT12: 10.919649 | JU12: 10.919649122807 Total | JV12: 10.94314 | JW12: 10.9431403508772 Total | JX12: 10.966632 | JY12: 10.9666315789474 Total | JZ12: 10.990123 | KA12: 10.9901228070175 Total | KB12: 11.013614 | KC12: 11.0136140350877 Total | KD12: 11.037105 | KE12: 11.0371052631579 Total | KF12: 11.060596 | KG12: 11.0605964912281 Total | KH12: 11.084088 | KI12: 11.0840877192982 Total | KJ12: 11.107579 | KK12: 11.1075789473684 Total | KL12: 11.13107 | KM12: 11.1310701754386 Total | KN12: 11.154561 | KO12: 11.1545614035088 Total | KP12: 11.178053 | KQ12: 11.178052631579 Total | KR12: 11.201544 | KS12: 11.2015438596491 Total | KT12: 11.225035 | KU12: 11.2250350877193 Total | KV12: 11.248526 | KW12: 11.2485263157895 Total | KX12: 11.272018 | KY12: 11.2720175438596 Total | KZ12: 11.295509 | LA12: 11.2955087719298 Total | LB12: 11.319 | LC12: 11.319 Total | LD12: 11.32 | LE12: 11.32 Total | LF12: 11.342491 | LG12: 11.3424912280702 Total | LH12: 11.365982 | LI12: 11.3659824561404 Total | LJ12: 11.389474 | LK12: 11.3894736842105 Total | LL12: 11.412965 | LM12: 11.4129649122807 Total | LN12: 11.436456 | LO12: 11.4364561403509 Total | LP12: 11.459947 | LQ12: 11.4599473684211 Total | LR12: 11.483439 | LS12: 11.4834385964912 Total | LT12: 11.50693 | LU12: 11.5069298245614 Total | LV12: 11.530421 | LW12: 11.5304210526316 Total | LX12: 11.553912 | LY12: 11.5539122807018 Total | LZ12: 11.577404 | MA12: 11.5774035087719 Total | MB12: 11.600895 | MC12: 11.6008947368421 Total | MD12: 11.624386 | ME12: 11.6243859649123 Total | MF12: 11.647877 | MG12: 11.6478771929825 Total | MH12: 11.671368 | MI12: 11.6713684210526 Total | MJ12: 11.69486 | MK12: 11.6948596491228 Total | ML12: 11.718351 | MM12: 11.718350877193 Total | MN12: 11.741842 | MO12: 11.7418421052632 Total | MP12: 11.765333 | MQ12: 11.7653333333333 Total | MR12: 11.788825 | MS12: 11.7888245614035 Total | MT12: 11.812316 | MU12: 11.8123157894737 Total | MV12: 11.835807 | MW12: 11.8358070175439 Total | MX12: 11.859298 | MY12: 11.859298245614 Total | MZ12: 11.87 | NA12: 11.87 Total | NB12: 11.882789 | NC12: 11.8827894736842 Total | ND12: 11.9 | NE12: 11.9 Total | NF12: 11.906281 | NG12: 11.9062807017544 Total | NH12: 11.929772 | NI12: 11.9297719298246 Total | NJ12: 11.953263 | NK12: 11.9532631578947 Total | NL12: 11.976754 | NM12: 11.9767543859649 Total | NN12: 12.000246 | NO12: 12.0002456140351 Total | NP12: 12.023737 | NQ12: 12.0237368421053 Total | NR12: 12.047228 | NS12: 12.0472280701754 Total | NT12: 12.070719 | NU12: 12.0707192982456 Total | NV12: 12.094211 | NW12: 12.0942105263158 Total | NX12: 12.117702 | NY12: 12.117701754386 Total | NZ12: 12.141193 | OA12: 12.1411929824561 Total | OB12: 12.164684 | OC12: 12.1646842105263 Total | OD12: 12.188175 | OE12: 12.1881754385965 Total | OF12: 12.211667 | OG12: 12.2116666666667 Total | OH12: 12.235158 | OI12: 12.2351578947368 Total | OJ12: 12.258649 | OK12: 12.258649122807 Total | OL12: 12.28214 | OM12: 12.2821403508772 Total | ON12: 12.305632 | OO12: 12.3056315789474 Total | OP12: 12.329123 | OQ12: 12.3291228070175 Total | OR12: 12.352614 | OS12: 12.3526140350877 Total | OT12: 12.376105 | OU12: 12.3761052631579 Total | OV12: 12.399596 | OW12: 12.3995964912281 Total | OX12: 12.423088 | OY12: 12.4230877192982 Total | OZ12: 12.446579 | PA12: 12.4465789473684 Total | PB12: 12.47007 | PC12: 12.4700701754386 Total | PD12: 12.493561 | PE12: 12.4935614035088 Total | PF12: 12.517053 | PG12: 12.5170526315789 Total | PH12: 12.540544 | PI12: 12.5405438596491 Total | PJ12: 12.564035 | PK12: 12.5640350877193 Total | PL12: 12.587526 | PM12: 12.5875263157895 Total | PN12: 12.611018 | PO12: 12.6110175438597 Total | PP12: 12.634509 | PQ12: 12.6345087719298 Total | PR12: 12.658 | PS12: 12.658 Total | PT12: 12.681491 | PU12: 12.6814912280702 Total | PV12: 12.704982 | PW12: 12.7049824561404 Total | PX12: 12.728474 | PY12: 12.7284736842105 Total | PZ12: 12.751965 | QA12: 12.7519649122807 Total | QB12: 12.775456 | QC12: 12.7754561403509 Total | QD12: 12.798947 | QE12: 12.7989473684211 Total | QF12: 12.822439 | QG12: 12.8224385964912 Total | QH12: 12.84593 | QI12: 12.8459298245614 Total | QJ12: 12.869421 | QK12: 12.8694210526316 Total | QL12: 12.892912 | QM12: 12.8929122807018 Total | QN12: 12.916404 | QO12: 12.9164035087719 Total | QP12: 12.939895 | QQ12: 12.9398947368421 Total | QR12: 12.963386 | QS12: 12.9633859649123 Total | QT12: 12.986877 | QU12: 12.9868771929825 Total | QV12: 13.010368 | QW12: 13.0103684210526 Total | QX12: 13.03386 | QY12: 13.0338596491228 Total | QZ12: 13.057351 | RA12: 13.057350877193 Total | RB12: 13.080842 | RC12: 13.0808421052632 Total | RD12: 13.104333 | RE12: 13.1043333333333 Total | RF12: 13.127825 | RG12: 13.1278245614035 Total | RH12: 13.151316 | RI12: 13.1513157894737 Total | RJ12: 13.174807 | RK12: 13.1748070175439 Total | RL12: 13.198298 | RM12: 13.198298245614 Total | RN12: 13.221789 | RO12: 13.2217894736842 Total | RP12: 13.245281 | RQ12: 13.2452807017544 Total | RR12: 13.268772 | RS12: 13.2687719298246 Total | RT12: 13.292263 | RU12: 13.2922631578947 Total | RV12: 13.315754 | RW12: 13.3157543859649 Total | RX12: 13.339246 | RY12: 13.3392456140351 Total | RZ12: 13.362737 | SA12: 13.3627368421053 Total | SB12: 13.386228 | SC12: 13.3862280701754 Total | SD12: 13.409719 | SE12: 13.4097192982456 Total | SF12: 13.433211 | SG12: 13.4332105263158 Total | SH12: 13.456702 | SI12: 13.456701754386 Total | SJ12: 13.480193 | SK12: 13.4801929824561 Total | SL12: 13.503684 | SM12: 13.5036842105263 Total | SN12: 13.527175 | SO12: 13.5271754385965 Total | SP12: 13.550667 | SQ12: 13.5506666666667 Total | SR12: 13.574158 | SS12: 13.5741578947368 Total | ST12: 13.597649 | SU12: 13.597649122807 Total | SV12: 13.62114 | SW12: 13.6211403508772 Total | SX12: 13.644632 | SY12: 13.6446315789474 Total | SZ12: 13.668123 | TA12: 13.6681228070176 Total | TB12: 13.691614 | TC12: 13.6916140350877 Total | TD12: 13.715105 | TE12: 13.7151052631579 Total | TF12: 13.738596 | TG12: 13.7385964912281 Total | TH12: 13.762088 | TI12: 13.7620877192982 Total | TJ12: 13.785579 | TK12: 13.7855789473684 Total | TL12: 13.80907 | TM12: 13.8090701754386 Total | TN12: 13.832561 | TO12: 13.8325614035088 Total | TP12: 13.856053 | TQ12: 13.856052631579 Total | TR12: 13.879544 | TS12: 13.8795438596491 Total | TT12: 13.903035 | TU12: 13.9030350877193 Total | TV12: 13.926526 | TW12: 13.9265263157895 Total | TX12: 13.950018 | TY12: 13.9500175438597 Total | TZ12: 13.973509 | UA12: 13.9735087719298 Total | UB12: 13.997 | UC12: 13.997 Total | UD12: 14.020491 | UE12: 14.0204912280702 Total | UF12: 14.043982 | UG12: 14.0439824561404 Total | UH12: 14.067474 | UI12: 14.0674736842105 Total | UJ12: 14.090965 | UK12: 14.0909649122807 Total | UL12: 14.114456 | UM12: 14.1144561403509 Total | UN12: 14.137947 | UO12: 14.1379473684211 Total | UP12: 14.161439 | UQ12: 14.1614385964912 Total | UR12: 14.18493 | US12: 14.1849298245614 Total | UT12: 14.208421 | UU12: 14.2084210526316 Total | UV12: 14.231912 | UW12: 14.2319122807018 Total | UX12: 14.255404 | UY12: 14.2554035087719 Total | UZ12: 14.278895 | VA12: 14.2788947368421 Total | VB12: 14.302386 | VC12: 14.3023859649123 Total | VD12: 14.325877 | VE12: 14.3258771929825 Total | VF12: 14.349368 | VG12: 14.3493684210526 Total | VH12: 14.37286 | VI12: 14.3728596491228 Total | VJ12: 14.396351 | VK12: 14.396350877193 Total | VL12: 14.419842 | VM12: 14.4198421052632 Total | VN12: 14.443333 | VO12: 14.4433333333333 Total | VP12: 14.466825 | VQ12: 14.4668245614035 Total | VR12: 14.490316 | VS12: 14.4903157894737 Total | VT12: 14.513807 | VU12: 14.5138070175439 Total | VV12: 14.537298 | VW12: 14.537298245614 Total | VX12: 14.560789 | VY12: 14.5607894736842 Total | VZ12: 14.584281 | WA12: 14.5842807017544 Total | WB12: 14.607772 | WC12: 14.6077719298246 Total | WD12: 14.631263 | WE12: 14.6312631578948 Total | WF12: 14.654754 | WG12: 14.6547543859649 Total | WH12: 14.678246 | WI12: 14.6782456140351 Total | WJ12: 14.701737 | WK12: 14.7017368421053 Total | WL12: 14.725228 | WM12: 14.7252280701754 Total | WN12: 14.748719 | WO12: 14.7487192982456 Total | WP12: 14.772211 | WQ12: 14.7722105263158 Total | WR12: 14.795702 | WS12: 14.795701754386 Total | WT12: 14.819193 | WU12: 14.8191929824561 Total | WV12: 14.842684 | WW12: 14.8426842105263 Total | WX12: 14.866175 | WY12: 14.8661754385965 Total | WZ12: 14.889667 | XA12: 14.8896666666667 Total | XB12: 14.913158 | XC12: 14.9131578947368 Total | XD12: 14.936649 | XE12: 14.936649122807 Total | XF12: 14.96014 | XG12: 14.9601403508772 Total | XH12: 14.983632 | XI12: 14.9836315789474 Total | XJ12: 15.007123 | XK12: 15.0071228070175 Total | XL12: 15.030614 | XM12: 15.0306140350877 Total | XN12: 15.054105 | XO12: 15.0541052631579 Total | XP12: 15.077596 | XQ12: 15.0775964912281 Total | XR12: 15.101088 | XS12: 15.1010877192983 Total | XT12: 15.124579 | XU12: 15.1245789473684 Total | XV12: 15.14807 | XW12: 15.1480701754386 Total | XX12: 15.171561 | XY12: 15.1715614035088 Total | XZ12: 15.195053 | YA12: 15.195052631579 Total | YB12: 15.218544 | YC12: 15.2185438596491 Total | YD12: 15.242035 | YE12: 15.2420350877193 Total | YF12: 15.265526 | YG12: 15.2655263157895 Total | YH12: 15.289018 | YI12: 15.2890175438597 Total | YJ12: 15.312509 | YK12: 15.3125087719298 Total | YL12: 15.336 | YM12: 15.336 Total | YN12: 15.359491 | YO12: 15.3594912280702 Total | YP12: 15.382982 | YQ12: 15.3829824561404 Total | YR12: 15.406474 | YS12: 15.4064736842105 Total | YT12: 15.429965 | YU12: 15.4299649122807 Total | YV12: 15.453456 | YW12: 15.4534561403509 Total | YX12: 15.476947 | YY12: 15.4769473684211 Total | YZ12: 15.500439 | ZA12: 15.5004385964912 Total | ZB12: 15.52393 | ZC12: 15.5239298245614 Total | ZD12: 15.547421 | ZE12: 15.5474210526316 Total | ZF12: 15.570912 | ZG12: 15.5709122807018 Total | ZH12: 15.594404 | ZI12: 15.5944035087719 Total | ZJ12: 15.617895 | ZK12: 15.6178947368421 Total | ZL12: 15.641386 | ZM12: 15.6413859649123 Total | ZN12: 15.664877 | ZO12: 15.6648771929825 Total | ZP12: 15.688368 | ZQ12: 15.6883684210526 Total | ZR12: 15.71186 | ZS12: 15.7118596491228 Total | ZT12: 15.735351 | ZU12: 15.735350877193 Total | ZV12: 15.758842 | ZW12: 15.7588421052632 Total | ZX12: 15.782333 | ZY12: 15.7823333333333 Total | ZZ12: 15.805825 | AAA12: 15.8058245614035 Total | AAB12: 15.829316 | AAC12: 15.8293157894737 Total | AAD12: 15.852807 | AAE12: 15.8528070175439 Total | AAF12: 15.876298 | AAG12: 15.876298245614 Total | AAH12: 15.899789 | AAI12: 15.8997894736842 Total | AAJ12: 15.923281 | AAK12: 15.9232807017544 Total | AAL12: 15.946772 | AAM12: 15.9467719298246 Total | AAN12: 15.970263 | AAO12: 15.9702631578947 Total | AAP12: 15.993754 | AAQ12: 15.9937543859649 Total | AAR12: 16.017246 | AAS12: 16.0172456140351 Total | AAT12: 16.040737 | AAU12: 16.0407368421053 Total | AAV12: 16.064228 | AAW12: 16.0642280701754 Total | AAX12: 16.087719 | AAY12: 16.0877192982456 Total | AAZ12: 16.111211 | ABA12: 16.1112105263158 Total | ABB12: 16.134702 | ABC12: 16.134701754386 Total | ABD12: 16.158193 | ABE12: 16.1581929824561 Total | ABF12: 16.181684 | ABG12: 16.1816842105263 Total | ABH12: 16.205175 | ABI12: 16.2051754385965 Total | ABJ12: 16.228667 | ABK12: 16.2286666666667 Total | ABL12: 16.252158 | ABM12: 16.2521578947368 Total | ABN12: 16.275649 | ABO12: 16.275649122807 Total | ABP12: 16.29914 | ABQ12: 16.2991403508772 Total | ABR12: 16.322632 | ABS12: 16.3226315789474 Total | ABT12: 16.346123 | ABU12: 16.3461228070176 Total | ABV12: 16.369614 | ABW12: 16.3696140350877 Total | ABX12: 16.393105 | ABY12: 16.3931052631579 Total | ABZ12: 16.416596 | ACA12: 16.4165964912281 Total | ACB12: 16.440088 | ACC12: 16.4400877192983 Total | ACD12: 16.463579 | ACE12: 16.4635789473684 Total | ACF12: 16.48707 | ACG12: 16.4870701754386 Total | ACH12: 16.510561 | ACI12: 16.5105614035088 Total | ACJ12: 16.534053 | ACK12: 16.534052631579 Total | ACL12: 16.557544 | ACM12: 16.5575438596491 Total | ACN12: 16.581035 | ACO12: 16.5810350877193 Total | ACP12: 16.604526 | ACQ12: 16.6045263157895 Total | ACR12: 16.628018 | ACS12: 16.6280175438597 Total | ACT12: 16.651509 | ACU12: 16.6515087719298 Total | ACV12: 16.675 | ACW12: 16.675 Total | ACX12: 16.698491 | ACY12: 16.6984912280702 Total | ACZ12: 16.721982 | ADA12: 16.7219824561404 Total | ADB12: 16.745474 | ADC12: 16.7454736842105 Total | ADD12: 16.768965 | ADE12: 16.7689649122807 Total | ADF12: 16.792456 | ADG12: 16.7924561403509 Total | ADH12: 16.815947 | ADI12: 16.8159473684211 Total | ADJ12: 16.839439 | ADK12: 16.8394385964912 Total | ADL12: 16.86293 | ADM12: 16.8629298245614 Total | ADN12: 16.886421 | ADO12: 16.8864210526316 Total | ADP12: 16.909912 | ADQ12: 16.9099122807018 Total | ADR12: 16.933404 | ADS12: 16.9334035087719 Total | ADT12: 16.956895 | ADU12: 16.9568947368421 Total | ADV12: 16.980386 | ADW12: 16.9803859649123 Total | ADX12: 17.003877 | ADY12: 17.0038771929825 Total | ADZ12: 17.027368 | AEA12: 17.0273684210526 Total | AEB12: 17.05086 | AEC12: 17.0508596491228 Total | AED12: 17.074351 | AEE12: 17.074350877193 Total | AEF12: 17.097842 | AEG12: 17.0978421052632 Total | AEH12: 17.121333 | AEI12: 17.1213333333333 Total | AEJ12: 17.144825 | AEK12: 17.1448245614035 Total | AEL12: 17.168316 | AEM12: 17.1683157894737 Total | AEN12: 17.191807 | AEO12: 17.1918070175439 Total | AEP12: 17.215298 | AEQ12: 17.2152982456141 Total | AER12: 17.238789 | AES12: 17.2387894736842 Total | AET12: 17.262281 | AEU12: 17.2622807017544 Total | AEV12: 17.285772 | AEW12: 17.2857719298246 Total | AEX12: 17.309263 | AEY12: 17.3092631578947 Total | AEZ12: 17.332754 | AFA12: 17.3327543859649 Total | AFB12: 17.356246 | AFC12: 17.3562456140351 Total | AFD12: 17.379737 | AFE12: 17.3797368421053 Total | AFF12: 17.403228 | AFG12: 17.4032280701755 Total | AFH12: 17.426719 | AFI12: 17.4267192982456 Total | AFJ12: 17.450211 | AFK12: 17.4502105263158 Total | AFL12: 17.473702 | AFM12: 17.473701754386 Total | AFN12: 17.497193 | AFO12: 17.4971929824562 Total | AFP12: 17.520684 | AFQ12: 17.5206842105263 Total | AFR12: 17.544175 | AFS12: 17.5441754385965 Total | AFT12: 17.567667 | AFU12: 17.5676666666667 Total | AFV12: 17.591158 | AFW12: 17.5911578947369 Total | AFX12: 17.614649 | AFY12: 17.614649122807 Total | AFZ12: 17.63814 | AGA12: 17.6381403508772 Total | AGB12: 17.661632 | AGC12: 17.6616315789474 Total | AGD12: 17.685123 | AGE12: 17.6851228070175 Total | AGF12: 17.708614 | AGG12: 17.7086140350877 Total | AGH12: 17.732105 | AGI12: 17.7321052631579 Total | AGJ12: 17.755596 | AGK12: 17.7555964912281 Total | AGL12: 17.779088 | AGM12: 17.7790877192982 Total | AGN12: 17.802579 | AGO12: 17.8025789473684 Total | AGP12: 17.82607 | AGQ12: 17.8260701754386 Total | AGR12: 17.849561 | AGS12: 17.8495614035088 Total | AGT12: 17.873053 | AGU12: 17.8730526315789 Total | AGV12: 17.896544 | AGW12: 17.8965438596491 Total | AGX12: 17.920035 | AGY12: 17.9200350877193 Total | AGZ12: 17.943526 | AHA12: 17.9435263157895 Total | AHB12: 17.967018 | AHC12: 17.9670175438596 Total | AHD12: 17.990509 | AHE12: 17.9905087719298 Total | AHF12: 18.014 | AHG12: 18.014 Total | AHH12: 18.037491 | AHI12: 18.0374912280702 Total | AHJ12: 18.060982 | AHK12: 18.0609824561403 Total | AHL12: 18.084474 | AHM12: 18.0844736842105 Total | AHN12: 18.107965 | AHO12: 18.1079649122807 Total | AHP12: 18.131456 | AHQ12: 18.1314561403509 Total | AHR12: 18.154947 | AHS12: 18.154947368421 Total | AHT12: 18.178439 | AHU12: 18.1784385964912 Total | AHV12: 18.20193 | AHW12: 18.2019298245614 Total | AHX12: 18.225421 | AHY12: 18.2254210526316 Total | AHZ12: 18.248912 | AIA12: 18.2489122807017 Total | AIB12: 18.272404 | AIC12: 18.2724035087719 Total | AID12: 18.295895 | AIE12: 18.2958947368421 Total | AIF12: 18.319386 | AIG12: 18.3193859649123 Total | AIH12: 18.342877 | AII12: 18.3428771929824 Total | AIJ12: 18.366368 | AIK12: 18.3663684210526 Total | AIL12: 18.38986 | AIM12: 18.3898596491228 Total | AIN12: 18.413351 | AIO12: 18.413350877193 Total | AIP12: 18.436842 | AIQ12: 18.4368421052631 Total | AIR12: 18.460333 | AIS12: 18.4603333333333 Total | AIT12: 18.483825 | AIU12: 18.4838245614035 Total | AIV12: 18.507316 | AIW12: 18.5073157894737 Total | AIX12: 18.530807 | AIY12: 18.5308070175438 Total | AIZ12: 18.554298 | AJA12: 18.554298245614 Total | AJB12: 18.577789 | AJC12: 18.5777894736842 Total | AJD12: 18.601281 | AJE12: 18.6012807017544 Total | AJF12: 18.624772 | AJG12: 18.6247719298245 Total | AJH12: 18.648263 | AJI12: 18.6482631578947 Total | AJJ12: 18.671754 | AJK12: 18.6717543859649 Total | AJL12: 18.695246 | AJM12: 18.6952456140351 Total | AJN12: 18.718737 | AJO12: 18.7187368421053 Total | AJP12: 18.742228 | AJQ12: 18.7422280701754 Total | AJR12: 18.765719 | AJS12: 18.7657192982456 Total | AJT12: 18.789211 | AJU12: 18.7892105263158 Total | AJV12: 18.812702 | AJW12: 18.812701754386 Total | AJX12: 18.836193 | AJY12: 18.8361929824561 Total | AJZ12: 18.859684 | AKA12: 18.8596842105263 Total | AKB12: 18.883175 | AKC12: 18.8831754385965 Total | AKD12: 18.906667 | AKE12: 18.9066666666667 Total | AKF12: 18.930158 | AKG12: 18.9301578947368 Total | AKH12: 18.953649 | AKI12: 18.953649122807 Total | AKJ12: 18.97714 | AKK12: 18.9771403508772 Total | AKL12: 19.000632 | AKM12: 19.0006315789474 Total | AKN12: 19.024123 | AKO12: 19.0241228070175 Total | AKP12: 19.047614 | AKQ12: 19.0476140350877 Total | AKR12: 19.071105 | AKS12: 19.0711052631579 Total | AKT12: 19.094596 | AKU12: 19.0945964912281 Total | AKV12: 19.118088 | AKW12: 19.1180877192982 Total | AKX12: 19.141579 | AKY12: 19.1415789473684 Total | AKZ12: 19.16507 | ALA12: 19.1650701754386 Total | ALB12: 19.188561 | ALC12: 19.1885614035088 Total | ALD12: 19.212053 | ALE12: 19.2120526315789 Total | ALF12: 19.235544 | ALG12: 19.2355438596491 Total | ALH12: 19.259035 | ALI12: 19.2590350877193 Total | ALJ12: 19.282526 | ALK12: 19.2825263157895 Total | ALL12: 19.306018 | ALM12: 19.3060175438596 Total | ALN12: 19.329509 | ALO12: 19.3295087719298 Total | ALP12: 19.353 | ALQ12: 19.353 Total | ALR12: 19.376491 | ALS12: 19.3764912280702 Total | ALT12: 19.399982 | ALU12: 19.3999824561403 Total | ALV12: 19.423474 | ALW12: 19.4234736842105 Total | ALX12: 19.446965 | ALY12: 19.4469649122807 Total | ALZ12: 19.470456 | AMA12: 19.4704561403509 Total | AMB12: 19.493947 | AMC12: 19.493947368421 Total | AMD12: 19.517439 | AME12: 19.5174385964912 Total | AMF12: 19.54093 | AMG12: 19.5409298245614 Total | AMH12: 19.564421 | AMI12: 19.5644210526316 Total | AMJ12: 19.587912 | AMK12: 19.5879122807017 Total | AML12: 19.611404 | AMM12: 19.6114035087719 Total | AMN12: 19.634895 | AMO12: 19.6348947368421 Total | AMP12: 19.658386 | AMQ12: 19.6583859649123 Total | AMR12: 19.681877 | AMS12: 19.6818771929824 Total | AMT12: 19.705368 | AMU12: 19.7053684210526 Total | AMV12: 19.72886 | AMW12: 19.7288596491228 Total | AMX12: 19.752351 | AMY12: 19.752350877193 Total | AMZ12: 19.775842 | ANA12: 19.7758421052631 Total | ANB12: 19.799333 | ANC12: 19.7993333333333 Total | AND12: 19.822825 | ANE12: 19.8228245614035 Total | ANF12: 19.846316 | ANG12: 19.8463157894737 Total | ANH12: 19.869807 | ANI12: 19.8698070175438 Total | ANJ12: 19.893298 | ANK12: 19.893298245614 Total | ANL12: 19.916789 | ANM12: 19.9167894736842 Total | ANN12: 19.940281 | ANO12: 19.9402807017544 Total | ANP12: 19.963772 | ANQ12: 19.9637719298246 Total | ANR12: 19.987263 | ANS12: 19.9872631578947 Total | ANT12: 20.010754 | ANU12: 20.0107543859649 Total | ANV12: 20.034246 | ANW12: 20.0342456140351 Total | ANX12: 20.057737 | ANY12: 20.0577368421053 Total | ANZ12: 20.081228 | AOA12: 20.0812280701754 Total | AOB12: 20.104719 | AOC12: 20.1047192982456 Total | AOD12: 20.128211 | AOE12: 20.1282105263158 Total | AOF12: 20.151702 | AOG12: 20.151701754386 Total | AOH12: 20.175193 | AOI12: 20.1751929824561 Total | AOJ12: 20.198684 | AOK12: 20.1986842105263 Total | AOL12: 20.222175 | AOM12: 20.2221754385965 Total | AON12: 20.245667 | AOO12: 20.2456666666667 Total | AOP12: 20.269158 | AOQ12: 20.2691578947368 Total | AOR12: 20.292649 | AOS12: 20.292649122807 Total | AOT12: 20.31614 | AOU12: 20.3161403508772 Total | AOV12: 20.339632 | AOW12: 20.3396315789474 Total | AOX12: 20.363123 | AOY12: 20.3631228070175 Total | AOZ12: 20.386614 | APA12: 20.3866140350877 Total | APB12: 20.410105 | APC12: 20.4101052631579 Total | APD12: 20.433596 | APE12: 20.4335964912281 Total | APF12: 20.457088 | APG12: 20.4570877192982 Total | APH12: 20.480579 | API12: 20.4805789473684 Total | APJ12: 20.50407 | APK12: 20.5040701754386 Total | APL12: 20.527561 | APM12: 20.5275614035088 Total | APN12: 20.551053 | APO12: 20.5510526315789 Total | APP12: 20.574544 | APQ12: 20.5745438596491 Total | APR12: 20.598035 | APS12: 20.5980350877193 Total | APT12: 20.621526 | APU12: 20.6215263157895 Total | APV12: 20.645018 | APW12: 20.6450175438596 Total | APX12: 20.668509 | APY12: 20.6685087719298 Total | APZ12: 20.692 | AQA12: 20.692 Total | AQB12: 20.715491 | AQC12: 20.7154912280702 Total | AQD12: 20.738982 | AQE12: 20.7389824561403 Total | AQF12: 20.762474 | AQG12: 20.7624736842105 Total | AQH12: 20.785965 | AQI12: 20.7859649122807 Total | AQJ12: 20.809456 | AQK12: 20.8094561403509 Total | AQL12: 20.832947 | AQM12: 20.832947368421 Total | AQN12: 20.856439 | AQO12: 20.8564385964912 Total | AQP12: 20.87993 | AQQ12: 20.8799298245614 Total | AQR12: 20.903421 | AQS12: 20.9034210526316 Total | AQT12: 20.926912 | AQU12: 20.9269122807017 Total | AQV12: 20.950404 | AQW12: 20.9504035087719 Total | AQX12: 20.973895 | AQY12: 20.9738947368421 Total | AQZ12: 20.997386 | ARA12: 20.9973859649123 Total | ARB12: 21.020877 | ARC12: 21.0208771929824 Total | ARD12: 21.044368 | ARE12: 21.0443684210526 Total | ARF12: 21.06786 | ARG12: 21.0678596491228 Total | ARH12: 21.091351 | ARI12: 21.091350877193 Total | ARJ12: 21.114842 | ARK12: 21.1148421052631 Total | ARL12: 21.138333 | ARM12: 21.1383333333333 Total | ARN12: 21.161825 | ARO12: 21.1618245614035 Total | ARP12: 21.185316 | ARQ12: 21.1853157894737 Total | ARR12: 21.208807 | ARS12: 21.2088070175439 Total | ART12: 21.232298 | ARU12: 21.232298245614 Total | ARV12: 21.255789 | ARW12: 21.2557894736842 Total | ARX12: 21.279281 | ARY12: 21.2792807017544 Total | ARZ12: 21.302772 | ASA12: 21.3027719298246 Total | ASB12: 21.326263 | ASC12: 21.3262631578947 Total | ASD12: 21.349754 | ASE12: 21.3497543859649 Total | ASF12: 21.373246 | ASG12: 21.3732456140351 Total | ASH12: 21.396737 | ASI12: 21.3967368421053 Total | ASJ12: 21.420228 | ASK12: 21.4202280701754 Total | ASL12: 21.443719 | ASM12: 21.4437192982456 Total | ASN12: 21.467211 | ASO12: 21.4672105263158 Total | ASP12: 21.490702 | ASQ12: 21.490701754386 Total | ASR12: 21.514193 | ASS12: 21.5141929824561 Total | AST12: 21.537684 | ASU12: 21.5376842105263 Total | ASV12: 21.561175 | ASW12: 21.5611754385965 Total | ASX12: 21.584667 | ASY12: 21.5846666666667 Total | ASZ12: 21.608158 | ATA12: 21.6081578947368 Total | ATB12: 21.631649 | ATC12: 21.631649122807 Total | ATD12: 21.65514 | ATE12: 21.6551403508772 Total | ATF12: 21.678632 | ATG12: 21.6786315789474 Total | ATH12: 21.702123 | ATI12: 21.7021228070175 Total | ATJ12: 21.725614 | ATK12: 21.7256140350877 Total | ATL12: 21.749105 | ATM12: 21.7491052631579 Total | ATN12: 21.772596 | ATO12: 21.7725964912281 Total | ATP12: 21.796088 | ATQ12: 21.7960877192982 Total | ATR12: 21.819579 | ATS12: 21.8195789473684 Total | ATT12: 21.84307 | ATU12: 21.8430701754386 Total | ATV12: 21.866561 | ATW12: 21.8665614035088 Total | ATX12: 21.890053 | ATY12: 21.8900526315789 Total | ATZ12: 21.913544 | AUA12: 21.9135438596491 Total | AUB12: 21.937035 | AUC12: 21.9370350877193 Total | AUD12: 21.960526 | AUE12: 21.9605263157895 Total | AUF12: 21.984018 | AUG12: 21.9840175438596 Total | AUH12: 22.007509 | AUI12: 22.0075087719298 Total | AUJ12: 22.031 | AUK12: 22.031 Total | AUL12: 22.054491 | AUM12: 22.0544912280702 Total | AUN12: 22.077982 | AUO12: 22.0779824561403 Total | AUP12: 22.101474 | AUQ12: 22.1014736842105 Total | AUR12: 22.124965 | AUS12: 22.1249649122807 Total | AUT12: 22.148456 | AUU12: 22.1484561403509 Total | AUV12: 22.171947 | AUW12: 22.171947368421 Total | AUX12: 22.195439 | AUY12: 22.1954385964912 Total | AUZ12: 22.21893 | AVA12: 22.2189298245614 Total | AVB12: 22.242421 | AVC12: 22.2424210526316 Total | AVD12: 22.265912 | AVE12: 22.2659122807017 Total | AVF12: 22.289404 | AVG12: 22.2894035087719 Total | AVH12: 22.312895 | AVI12: 22.3128947368421 Total | AVJ12: 22.336386 | AVK12: 22.3363859649123 Total | AVL12: 22.359877 | AVM12: 22.3598771929824 Total | AVN12: 22.383368 | AVO12: 22.3833684210526 Total | AVP12: 22.40686 | AVQ12: 22.4068596491228 Total | AVR12: 22.430351 | AVS12: 22.430350877193 Total | AVT12: 22.453842 | AVU12: 22.4538421052632 Total | AVV12: 22.477333 | AVW12: 22.4773333333333 Total | AVX12: 22.500825 | AVY12: 22.5008245614035 Total | AVZ12: 22.524316 | AWA12: 22.5243157894737 Total | AWB12: 22.547807 | AWC12: 22.5478070175439 Total | AWD12: 22.571298 | AWE12: 22.571298245614 Total | AWF12: 22.594789 | AWG12: 22.5947894736842 Total | AWH12: 22.618281 | AWI12: 22.6182807017544 Total | AWJ12: 22.641772 | AWK12: 22.6417719298246 Total | AWL12: 22.665263 | AWM12: 22.6652631578947 Total | AWN12: 22.688754 | AWO12: 22.6887543859649 Total | AWP12: 22.712246 | AWQ12: 22.7122456140351 Total | AWR12: 22.735737 | AWS12: 22.7357368421053 Total | AWT12: 22.759228 | AWU12: 22.7592280701754 Total | AWV12: 22.782719 | AWW12: 22.7827192982456 Total | AWX12: 22.806211 | AWY12: 22.8062105263158 Total | AWZ12: 22.829702 | AXA12: 22.829701754386 Total | AXB12: 22.853193 | AXC12: 22.8531929824561 Total | AXD12: 22.876684 | AXE12: 22.8766842105263 Total | AXF12: 22.900175 | AXG12: 22.9001754385965 Total | AXH12: 22.923667 | AXI12: 22.9236666666667 Total | AXJ12: 22.947158 | AXK12: 22.9471578947368 Total | AXL12: 22.970649 | AXM12: 22.970649122807 Total | AXN12: 22.99414 | AXO12: 22.9941403508772 Total | AXP12: 23.017632 | AXQ12: 23.0176315789474 Total | AXR12: 23.041123 | AXS12: 23.0411228070175 Total | AXT12: 23.064614 | AXU12: 23.0646140350877 Total | AXV12: 23.088105 | AXW12: 23.0881052631579 Total | AXX12: 23.111596 | AXY12: 23.1115964912281 Total | AXZ12: 23.135088 | AYA12: 23.1350877192982 Total | AYB12: 23.158579 | AYC12: 23.1585789473684 Total | AYD12: 23.18207 | AYE12: 23.1820701754386 Total | AYF12: 23.205561 | AYG12: 23.2055614035088 Total | AYH12: 23.229053 | AYI12: 23.2290526315789 Total | AYJ12: 23.252544 | AYK12: 23.2525438596491 Total | AYL12: 23.276035 | AYM12: 23.2760350877193 Total | AYN12: 23.299526 | AYO12: 23.2995263157895 Total | AYP12: 23.323018 | AYQ12: 23.3230175438596 Total | AYR12: 23.346509 | AYS12: 23.3465087719298 Total | AYT12: 23.37 | AYU12: 23.37 Total | AYV12: 23.393491 | AYW12: 23.3934912280702 Total | AYX12: 23.416982 | AYY12: 23.4169824561403 Total | AYZ12: 23.440474 | AZA12: 23.4404736842105 Total | AZB12: 23.463965 | AZC12: 23.4639649122807 Total | AZD12: 23.487456 | AZE12: 23.4874561403509 Total | AZF12: 23.510947 | AZG12: 23.510947368421 Total | AZH12: 23.534439 | AZI12: 23.5344385964912 Total | AZJ12: 23.55793 | AZK12: 23.5579298245614 Total | AZL12: 23.581421 | AZM12: 23.5814210526316 Total | AZN12: 23.604912 | AZO12: 23.6049122807017 Total | AZP12: 23.628404 | AZQ12: 23.6284035087719 Total | AZR12: 23.651895 | AZS12: 23.6518947368421 Total | AZT12: 23.675386 | AZU12: 23.6753859649123 Total | AZV12: 23.698877 | AZW12: 23.6988771929825 Total | AZX12: 23.722368 | AZY12: 23.7223684210526 Total | AZZ12: 23.74586 | BAA12: 23.7458596491228 Total | BAB12: 23.769351 | BAC12: 23.769350877193 Total | BAD12: 23.792842 | BAE12: 23.7928421052632 Total | BAF12: 23.816333 | BAG12: 23.8163333333333 Total | BAH12: 23.839825 | BAI12: 23.8398245614035 Total | BAJ12: 23.863316 | BAK12: 23.8633157894737 Total | BAL12: 23.886807 | BAM12: 23.8868070175439 Total | BAN12: 23.910298 | BAO12: 23.910298245614 Total | BAP12: 23.933789 | BAQ12: 23.9337894736842 Total | BAR12: 23.957281 | BAS12: 23.9572807017544 Total | BAT12: 23.980772 | BAU12: 23.9807719298246 Total | BAV12: 24.004263 | BAW12: 24.0042631578947 Total | BAX12: 24.027754 | BAY12: 24.0277543859649 Total | BAZ12: 24.051246 | BBA12: 24.0512456140351 Total | BBB12: 24.074737 | BBC12: 24.0747368421053 Total | BBD12: 24.098228 | BBE12: 24.0982280701754 Total | BBF12: 24.121719 | BBG12: 24.1217192982456 Total | BBH12: 24.145211 | BBI12: 24.1452105263158 Total | BBJ12: 24.168702 | BBK12: 24.168701754386 Total | BBL12: 24.192193 | BBM12: 24.1921929824561 Total | BBN12: 24.215684 | BBO12: 24.2156842105263 Total | BBP12: 24.239175 | BBQ12: 24.2391754385965 Total | BBR12: 24.262667 | BBS12: 24.2626666666667 Total | BBT12: 24.286158 | BBU12: 24.2861578947368 Total | BBV12: 24.309649 | BBW12: 24.309649122807 Total | BBX12: 24.33314 | BBY12: 24.3331403508772 Total | BBZ12: 24.356632 | BCA12: 24.3566315789474 Total | BCB12: 24.380123 | BCC12: 24.3801228070175 Total | BCD12: 24.403614 | BCE12: 24.4036140350877 Total | BCF12: 24.427105 | BCG12: 24.4271052631579 Total | BCH12: 24.450596 | BCI12: 24.4505964912281 Total | BCJ12: 24.474088 | BCK12: 24.4740877192982 Total | BCL12: 24.497579 | BCM12: 24.4975789473684 Total | BCN12: 24.52107 | BCO12: 24.5210701754386 Total | BCP12: 24.544561 | BCQ12: 24.5445614035088 Total | BCR12: 24.568053 | BCS12: 24.5680526315789 Total | BCT12: 24.591544 | BCU12: 24.5915438596491 Total | BCV12: 24.615035 | BCW12: 24.6150350877193 Total | BCX12: 24.638526 | BCY12: 24.6385263157895 Total | BCZ12: 24.662018 | BDA12: 24.6620175438596 Total | BDB12: 24.685509 | BDC12: 24.6855087719298 Total | BDD12: 24.709 | BDE12: 24.709 Total | BDF12: 24.732491 | BDG12: 24.7324912280702 Total | BDH12: 24.755982 | BDI12: 24.7559824561403 Total | BDJ12: 24.779474 | BDK12: 24.7794736842105 Total | BDL12: 24.802965 | BDM12: 24.8029649122807 Total | BDN12: 24.826456 | BDO12: 24.8264561403509 Total | BDP12: 24.849947 | BDQ12: 24.849947368421 Total | BDR12: 24.873439 | BDS12: 24.8734385964912 Total | BDT12: 24.89693 | BDU12: 24.8969298245614 Total | BDV12: 24.920421 | BDW12: 24.9204210526316 Total | BDX12: 24.943912 | BDY12: 24.9439122807018 Total | BDZ12: 24.967404 | BEA12: 24.9674035087719 Total | BEB12: 24.990895 | BEC12: 24.9908947368421 Total | BED12: 25.014386 | BEE12: 25.0143859649123 Total | BEF12: 25.037877 | BEG12: 25.0378771929825 Total | BEH12: 25.061368 | BEI12: 25.0613684210526 Total | BEJ12: 25.08486 | BEK12: 25.0848596491228 Total | BEL12: 25.108351 | BEM12: 25.108350877193 Total | BEN12: 25.131842 | BEO12: 25.1318421052632 Total | BEP12: 25.155333 | BEQ12: 25.1553333333333 Total | BER12: 25.178825 | BES12: 25.1788245614035 Total | BET12: 25.202316 | BEU12: 25.2023157894737 Total | BEV12: 25.225807 | BEW12: 25.2258070175439 Total | BEX12: 25.249298 | BEY12: 25.249298245614 Total | BEZ12: 25.272789 | BFA12: 25.2727894736842 Total | BFB12: 25.296281 | BFC12: 25.2962807017544 Total | BFD12: 25.319772 | BFE12: 25.3197719298246 Total | BFF12: 25.343263 | BFG12: 25.3432631578947 Total | BFH12: 25.366754 | BFI12: 25.3667543859649 Total | BFJ12: 25.390246 | BFK12: 25.3902456140351 Total | BFL12: 25.413737 | BFM12: 25.4137368421053 Total | BFN12: 25.437228 | BFO12: 25.4372280701754 Total | BFP12: 25.460719 | BFQ12: 25.4607192982456 Total | BFR12: 25.484211 | BFS12: 25.4842105263158 Total | BFT12: 25.507702 | BFU12: 25.507701754386 Total | BFV12: 25.531193 | BFW12: 25.5311929824561 Total | BFX12: 25.554684 | BFY12: 25.5546842105263 Total | BFZ12: 25.578175 | BGA12: 25.5781754385965 Total | BGB12: 25.601667 | BGC12: 25.6016666666667 Total | BGD12: 25.625158 | BGE12: 25.6251578947368 Total | BGF12: 25.648649 | BGG12: 25.648649122807 Total | BGH12: 25.67214 | BGI12: 25.6721403508772 Total | BGJ12: 25.695632 | BGK12: 25.6956315789474 Total | BGL12: 25.719123 | BGM12: 25.7191228070175 Total | BGN12: 25.742614 | BGO12: 25.7426140350877 Total | BGP12: 25.766105 | BGQ12: 25.7661052631579 Total | BGR12: 25.789596 | BGS12: 25.7895964912281 Total | BGT12: 25.813088 | BGU12: 25.8130877192982 Total | BGV12: 25.836579 | BGW12: 25.8365789473684 Total | BGX12: 25.86007 | BGY12: 25.8600701754386 Total | BGZ12: 25.883561 | BHA12: 25.8835614035088 Total | BHB12: 25.907053 | BHC12: 25.9070526315789 Total | BHD12: 25.930544 | BHE12: 25.9305438596491 Total | BHF12: 25.954035 | BHG12: 25.9540350877193 Total | BHH12: 25.977526 | BHI12: 25.9775263157895 Total | BHJ12: 26.001018 | BHK12: 26.0010175438597 Total | BHL12: 26.024509 | BHM12: 26.0245087719298 Total | BHN12: 26.048 | BHO12: 26.048 Total | BHP12: 26.071491 | BHQ12: 26.0714912280702 Total | BHR12: 26.094982 | BHS12: 26.0949824561404 Total | BHT12: 26.118474 | BHU12: 26.1184736842105 Total | BHV12: 26.141965 | BHW12: 26.1419649122807 Total | BHX12: 26.165456 | BHY12: 26.1654561403509 Total | BHZ12: 26.188947 | BIA12: 26.1889473684211 Total | BIB12: 26.212439 | BIC12: 26.2124385964912 Total | BID12: 26.23593 | BIE12: 26.2359298245614 Total | BIF12: 26.259421 | BIG12: 26.2594210526316 Total | BIH12: 26.282912 | BII12: 26.2829122807018 Total | BIJ12: 26.306404 | BIK12: 26.3064035087719 Total | BIL12: 26.329895 | BIM12: 26.3298947368421 Total | BIN12: 26.353386 | BIO12: 26.3533859649123 Total | BIP12: 26.376877 | BIQ12: 26.3768771929825 Total | BIR12: 26.400368 | BIS12: 26.4003684210526 Total | BIT12: 26.42386 | BIU12: 26.4238596491228 Total | BIV12: 26.447351 | BIW12: 26.447350877193 Total | BIX12: 26.470842 | BIY12: 26.4708421052632 Total | BIZ12: 26.494333 | BJA12: 26.4943333333333 Total | BJB12: 26.517825 | BJC12: 26.5178245614035 Total | BJD12: 26.541316 | BJE12: 26.5413157894737 Total | BJF12: 26.564807 | BJG12: 26.5648070175439 Total | BJH12: 26.588298 | BJI12: 26.588298245614 Total | BJJ12: 26.611789 | BJK12: 26.6117894736842 Total | BJL12: 26.635281 | BJM12: 26.6352807017544 Total | BJN12: 26.658772 | BJO12: 26.6587719298246 Total | BJP12: 26.682263 | BJQ12: 26.6822631578947 Total | BJR12: 26.705754 | BJS12: 26.7057543859649 Total | BJT12: 26.729246 | BJU12: 26.7292456140351 Total | BJV12: 26.752737 | BJW12: 26.7527368421053 Total | BJX12: 26.776228 | BJY12: 26.7762280701754 Total | BJZ12: 26.799719 | BKA12: 26.7997192982456 Total | BKB12: 26.823211 | BKC12: 26.8232105263158 Total | BKD12: 26.846702 | BKE12: 26.846701754386 Total | BKF12: 26.870193 | BKG12: 26.8701929824561 Total | BKH12: 26.893684 | BKI12: 26.8936842105263 Total | BKJ12: 26.917175 | BKK12: 26.9171754385965 Total | BKL12: 26.940667 | BKM12: 26.9406666666667 Total | BKN12: 26.964158 | BKO12: 26.9641578947368 Total | BKP12: 26.987649 | BKQ12: 26.987649122807 Total | BKR12: 27.01114 | BKS12: 27.0111403508772 Total | BKT12: 27.034632 | BKU12: 27.0346315789474 Total | BKV12: 27.058123 | BKW12: 27.0581228070175 Total | BKX12: 27.081614 | BKY12: 27.0816140350877 Total | BKZ12: 27.105105 | BLA12: 27.1051052631579 Total | BLB12: 27.128596 | BLC12: 27.1285964912281 Total | BLD12: 27.152088 | BLE12: 27.1520877192982 Total | BLF12: 27.175579 | BLG12: 27.1755789473684 Total | BLH12: 27.19907 | BLI12: 27.1990701754386 Total | BLJ12: 27.222561 | BLK12: 27.2225614035088 Total | BLL12: 27.246053 | BLM12: 27.2460526315789 Total | BLN12: 27.269544 | BLO12: 27.2695438596491 Total | BLP12: 27.293035 | BLQ12: 27.2930350877193 Total | BLR12: 27.316526 | BLS12: 27.3165263157895 Total | BLT12: 27.340018 | BLU12: 27.3400175438597 Total | BLV12: 27.363509 | BLW12: 27.3635087719298 Total | BLX12: 27.387 | BLY12: 27.387 Total | BLZ12: 27.410491 | BMA12: 27.4104912280702 Total | BMB12: 27.433982 | BMC12: 27.4339824561404 Total | BMD12: 27.457474 | BME12: 27.4574736842105 Total | BMF12: 27.480965 | BMG12: 27.4809649122807 Total | BMH12: 27.504456 | BMI12: 27.5044561403509 Total | BMJ12: 27.527947 | BMK12: 27.5279473684211 Total | BML12: 27.551439 | BMM12: 27.5514385964912 Total | BMN12: 27.57493 | BMO12: 27.5749298245614 Total | BMP12: 27.598421 | BMQ12: 27.5984210526316 Total | BMR12: 27.621912 | BMS12: 27.6219122807018 Total | BMT12: 27.645404 | BMU12: 27.6454035087719 Total | BMV12: 27.668895 | BMW12: 27.6688947368421 Total | BMX12: 27.692386 | BMY12: 27.6923859649123 Total | BMZ12: 27.715877 | BNA12: 27.7158771929825 Total | BNB12: 27.739368 | BNC12: 27.7393684210526 Total | BND12: 27.76286 | BNE12: 27.7628596491228 Total | BNF12: 27.786351 | BNG12: 27.786350877193 Total | BNH12: 27.809842 | BNI12: 27.8098421052632 Total | BNJ12: 27.833333 | BNK12: 27.8333333333333 Total | BNL12: 27.856825 | BNM12: 27.8568245614035 Total | BNN12: 27.880316 | BNO12: 27.8803157894737 Total | BNP12: 27.903807 | BNQ12: 27.9038070175439 Total | BNR12: 27.927298 | BNS12: 27.927298245614 Total | BNT12: 27.950789 | BNU12: 27.9507894736842 Total | BNV12: 27.974281 | BNW12: 27.9742807017544 Total | BNX12: 27.997772 | BNY12: 27.9977719298246 Total | BNZ12: 28.021263 | BOA12: 28.0212631578947 Total | BOB12: 28.044754 | BOC12: 28.0447543859649 Total | BOD12: 28.068246 | BOE12: 28.0682456140351 Total | BOF12: 28.091737 | BOG12: 28.0917368421053 Total | BOH12: 28.115228 | BOI12: 28.1152280701754 Total | BOJ12: 28.138719 | BOK12: 28.1387192982456 Total | BOL12: 28.162211 | BOM12: 28.1622105263158 Total | BON12: 28.185702 | BOO12: 28.185701754386 Total | BOP12: 28.209193 | BOQ12: 28.2091929824561 Total | BOR12: 28.232684 | BOS12: 28.2326842105263 Total | BOT12: 28.256175 | BOU12: 28.2561754385965 Total | BOV12: 28.279667 | BOW12: 28.2796666666667 Total | BOX12: 28.303158 | BOY12: 28.3031578947368 Total | BOZ12: 28.326649 | BPA12: 28.326649122807 Total | BPB12: 28.35014 | BPC12: 28.3501403508772 Total | BPD12: 28.373632 | BPE12: 28.3736315789474 Total | BPF12: 28.397123 | BPG12: 28.3971228070175 Total | BPH12: 28.420614 | BPI12: 28.4206140350877 Total | BPJ12: 28.444105 | BPK12: 28.4441052631579 Total | BPL12: 28.467596 | BPM12: 28.4675964912281 Total | BPN12: 28.491088 | BPO12: 28.4910877192983 Total | BPP12: 28.514579 | BPQ12: 28.5145789473684 Total | BPR12: 28.53807 | BPS12: 28.5380701754386 Total | BPT12: 28.561561 | BPU12: 28.5615614035088 Total | BPV12: 28.585053 | BPW12: 28.585052631579 Total | BPX12: 28.608544 | BPY12: 28.6085438596491 Total | BPZ12: 28.632035 | BQA12: 28.6320350877193 Total | BQB12: 28.655526 | BQC12: 28.6555263157895 Total | BQD12: 28.679018 | BQE12: 28.6790175438597 Total | BQF12: 28.702509 | BQG12: 28.7025087719298 Total | BQH12: 28.726 | BQI12: 28.726 Total | BQJ12: 28.749491 | BQK12: 28.7494912280702 Total | BQL12: 28.772982 | BQM12: 28.7729824561404 Total | BQN12: 28.796474 | BQO12: 28.7964736842105 Total | BQP12: 28.819965 | BQQ12: 28.8199649122807 Total | BQR12: 28.843456 | BQS12: 28.8434561403509 Total | BQT12: 28.866947 | BQU12: 28.8669473684211 Total | BQV12: 28.890439 | BQW12: 28.8904385964912 Total | BQX12: 28.91393 | BQY12: 28.9139298245614 Total | BQZ12: 28.937421 | BRA12: 28.9374210526316 Total | BRB12: 28.960912 | BRC12: 28.9609122807018 Total | BRD12: 28.984404 | BRE12: 28.9844035087719 Total | BRF12: 29.007895 | BRG12: 29.0078947368421 Total | BRH12: 29.031386 | BRI12: 29.0313859649123 Total | BRJ12: 29.054877 | BRK12: 29.0548771929825 Total | BRL12: 29.078368 | BRM12: 29.0783684210526 Total | BRN12: 29.10186 | BRO12: 29.1018596491228 Total | BRP12: 29.125351 | BRQ12: 29.125350877193 Total | BRR12: 29.148842 | BRS12: 29.1488421052632 Total | BRT12: 29.172333 | BRU12: 29.1723333333333 Total | BRV12: 29.195825 | BRW12: 29.1958245614035 Total | BRX12: 29.219316 | BRY12: 29.2193157894737 Total | BRZ12: 29.242807 | BSA12: 29.2428070175439 Total | BSB12: 29.266298 | BSC12: 29.266298245614 Total | BSD12: 29.289789 | BSE12: 29.2897894736842 Total | BSF12: 29.313281 | BSG12: 29.3132807017544 Total | BSH12: 29.336772 | BSI12: 29.3367719298246 Total | BSJ12: 29.360263 | BSK12: 29.3602631578947 Total | BSL12: 29.383754 | BSM12: 29.3837543859649 Total | BSN12: 29.407246 | BSO12: 29.4072456140351 Total | BSP12: 29.430737 | BSQ12: 29.4307368421053 Total | BSR12: 29.454228 | BSS12: 29.4542280701754 Total | BST12: 29.477719 | BSU12: 29.4777192982456 Total | BSV12: 29.501211 | BSW12: 29.5012105263158 Total | BSX12: 29.524702 | BSY12: 29.524701754386 Total | BSZ12: 29.548193 | BTA12: 29.5481929824561 Total | BTB12: 29.571684 | BTC12: 29.5716842105263 Total | BTD12: 29.595175 | BTE12: 29.5951754385965 Total | BTF12: 29.618667 | BTG12: 29.6186666666667 Total | BTH12: 29.642158 | BTI12: 29.6421578947368 Total | BTJ12: 29.665649 | BTK12: 29.665649122807 Total | BTL12: 29.68914 | BTM12: 29.6891403508772 Total | BTN12: 29.712632 | BTO12: 29.7126315789474 Total | BTP12: 29.736123 | BTQ12: 29.7361228070175 Total | BTR12: 29.759614 | BTS12: 29.7596140350877 Total | BTT12: 29.783105 | BTU12: 29.7831052631579 Total | BTV12: 29.806596 | BTW12: 29.8065964912281 Total | BTX12: 29.830088 | BTY12: 29.8300877192983 Total | BTZ12: 29.853579 | BUA12: 29.8535789473684 Total | BUB12: 29.87707 | BUC12: 29.8770701754386 Total | BUD12: 29.900561 | BUE12: 29.9005614035088 Total | BUF12: 29.924053 | BUG12: 29.924052631579 Total | BUH12: 29.947544 | BUI12: 29.9475438596491 Total | BUJ12: 29.971035 | BUK12: 29.9710350877193 Total | BUL12: 29.994526 | BUM12: 29.9945263157895 Total | BUN12: 30.018018 | BUO12: 30.0180175438597 Total | BUP12: 30.041509 | BUQ12: 30.0415087719298 Total | BUR12: 30.065 | BUS12: 30.065 Total | BUT12: 30.088491 | BUU12: 30.0884912280702 Total | BUV12: 30.111982 | BUW12: 30.1119824561404 Total | BUX12: 30.135474 | BUY12: 30.1354736842105 Total | BUZ12: 30.158965 | BVA12: 30.1589649122807 Total | BVB12: 30.182456 | BVC12: 30.1824561403509 Total | BVD12: 30.205947 | BVE12: 30.2059473684211 Total | BVF12: 30.229439 | BVG12: 30.2294385964912 Total | BVH12: 30.25293 | BVI12: 30.2529298245614 Total | BVJ12: 30.276421 | BVK12: 30.2764210526316 Total | BVL12: 30.299912 | BVM12: 30.2999122807018 Total | BVN12: 30.323404 | BVO12: 30.3234035087719 Total | BVP12: 30.346895 | BVQ12: 30.3468947368421 Total | BVR12: 30.370386 | BVS12: 30.3703859649123 Total | BVT12: 30.393877 | BVU12: 30.3938771929825 Total | BVV12: 30.417368 | BVW12: 30.4173684210526 Total | BVX12: 30.44086 | BVY12: 30.4408596491228 Total | BVZ12: 30.464351 | BWA12: 30.464350877193 Total | BWB12: 30.487842 | BWC12: 30.4878421052632 Total | BWD12: 30.511333 | BWE12: 30.5113333333333 Total | BWF12: 30.534825 | BWG12: 30.5348245614035 Total | BWH12: 30.558316 | BWI12: 30.5583157894737 Total | BWJ12: 30.581807 | BWK12: 30.5818070175439 Total | BWL12: 30.605298 | BWM12: 30.605298245614 Total | BWN12: 30.628789 | BWO12: 30.6287894736842 Total | BWP12: 30.652281 | BWQ12: 30.6522807017544 Total | BWR12: 30.675772 | BWS12: 30.6757719298246 Total | BWT12: 30.699263 | BWU12: 30.6992631578947 Total | BWV12: 30.722754 | BWW12: 30.7227543859649 Total | BWX12: 30.746246 | BWY12: 30.7462456140351 Total | BWZ12: 30.769737 | BXA12: 30.7697368421053 Total | BXB12: 30.793228 | BXC12: 30.7932280701754 Total | BXD12: 30.816719 | BXE12: 30.8167192982456 Total | BXF12: 30.840211 | BXG12: 30.8402105263158 Total | BXH12: 30.863702 | BXI12: 30.863701754386 Total | BXJ12: 30.887193 | BXK12: 30.8871929824562 Total | BXL12: 30.910684 | BXM12: 30.9106842105263 Total | BXN12: 30.934175 | BXO12: 30.9341754385965 Total | BXP12: 30.957667 | BXQ12: 30.9576666666667 Total | BXR12: 30.981158 | BXS12: 30.9811578947369 Total | BXT12: 31.004649 | BXU12: 31.004649122807 Total | BXV12: 31.02814 | BXW12: 31.0281403508772 Total | BXX12: 31.051632 | BXY12: 31.0516315789474 Total | BXZ12: 31.075123 | BYA12: 31.0751228070176 Total | BYB12: 31.098614 | BYC12: 31.0986140350877 Total | BYD12: 31.122105 | BYE12: 31.1221052631579 Total | BYF12: 31.145596 | BYG12: 31.1455964912281 Total | BYH12: 31.169088 | BYI12: 31.1690877192983 Total | BYJ12: 31.192579 | BYK12: 31.1925789473684 Total | BYL12: 31.21607 | BYM12: 31.2160701754386 Total | BYN12: 31.239561 | BYO12: 31.2395614035088 Total | BYP12: 31.263053 | BYQ12: 31.263052631579 Total | BYR12: 31.286544 | BYS12: 31.2865438596491 Total | BYT12: 31.310035 | BYU12: 31.3100350877193 Total | BYV12: 31.333526 | BYW12: 31.3335263157895 Total | BYX12: 31.357018 | BYY12: 31.3570175438597 Total | BYZ12: 31.380509 | BZA12: 31.3805087719298 Total | BZB12: 31.404 | BZC12: 31.404 Total | BZD12: 31.427491 | BZE12: 31.4274912280702 Total | BZF12: 31.450982 | BZG12: 31.4509824561404 Total | BZH12: 31.474474 | BZI12: 31.4744736842105 Total | BZJ12: 31.497965 | BZK12: 31.4979649122807 Total | BZL12: 31.521456 | BZM12: 31.5214561403509 Total | BZN12: 31.544947 | BZO12: 31.5449473684211 Total | BZP12: 31.568439 | BZQ12: 31.5684385964912 Total | BZR12: 31.59193 | BZS12: 31.5919298245614 Total | BZT12: 31.615421 | BZU12: 31.6154210526316 Total | BZV12: 31.638912 | BZW12: 31.6389122807018 Total | BZX12: 31.662404 | BZY12: 31.6624035087719 Total | BZZ12: 31.685895 | CAA12: 31.6858947368421 Total | CAB12: 31.709386 | CAC12: 31.7093859649123 Total | CAD12: 31.732877 | CAE12: 31.7328771929825 Total | CAF12: 31.756368 | CAG12: 31.7563684210526 Total | CAH12: 31.77986 | CAI12: 31.7798596491228 Total | CAJ12: 31.803351 | CAK12: 31.803350877193 Total | CAL12: 31.826842 | CAM12: 31.8268421052632 Total | CAN12: 31.850333 | CAO12: 31.8503333333333 Total | CAP12: 31.873825 | CAQ12: 31.8738245614035 Total | CAR12: 31.897316 | CAS12: 31.8973157894737 Total | CAT12: 31.920807 | CAU12: 31.9208070175439 Total | CAV12: 31.944298 | CAW12: 31.944298245614 Total | CAX12: 31.967789 | CAY12: 31.9677894736842 Total | CAZ12: 31.991281 | CBA12: 31.9912807017544 Total | CBB12: 32.014772 | CBC12: 32.0147719298246 Total | CBD12: 32.038263 | CBE12: 32.0382631578947 Total | CBF12: 32.061754 | CBG12: 32.0617543859649 Total | CBH12: 32.085246 | CBI12: 32.0852456140351 Total | CBJ12: 32.108737 | CBK12: 32.1087368421053 Total | CBL12: 32.132228 | CBM12: 32.1322280701754 Total | CBN12: 32.155719 | CBO12: 32.1557192982456 Total | CBP12: 32.179211 | CBQ12: 32.1792105263158 Total | CBR12: 32.202702 | CBS12: 32.202701754386 Total | CBT12: 32.226193 | CBU12: 32.2261929824562 Total | CBV12: 32.249684 | CBW12: 32.2496842105263 Total | CBX12: 32.273175 | CBY12: 32.2731754385965 Total | CBZ12: 32.296667 | CCA12: 32.2966666666667 Total | CCB12: 32.320158 | CCC12: 32.3201578947369 Total | CCD12: 32.343649 | CCE12: 32.343649122807 Total | CCF12: 32.36714 | CCG12: 32.3671403508772 Total | CCH12: 32.390632 | CCI12: 32.3906315789474 Total | CCJ12: 32.414123 | CCK12: 32.4141228070176 Total | CCL12: 32.437614 | CCM12: 32.4376140350877 Total | CCN12: 32.461105 | CCO12: 32.4611052631579 Total | CCP12: 32.484596 | CCQ12: 32.4845964912281 Total | CCR12: 32.508088 | CCS12: 32.5080877192983 Total | CCT12: 32.531579 | CCU12: 32.5315789473684 Total | CCV12: 32.55507 | CCW12: 32.5550701754386 Total | CCX12: 32.578561 | CCY12: 32.5785614035088 Total | CCZ12: 32.602053 | CDA12: 32.602052631579 Total | CDB12: 32.625544 | CDC12: 32.6255438596491 Total | CDD12: 32.649035 | CDE12: 32.6490350877193 Total | CDF12: 32.672526 | CDG12: 32.6725263157895 Total | CDH12: 32.696018 | CDI12: 32.6960175438597 Total | CDJ12: 32.719509 | CDK12: 32.7195087719298 Total | CDL12: 32.743 | CDM12: 32.743 Total | CDN12: 32.766491 | CDO12: 32.7664912280702 Total | CDP12: 32.789982 | CDQ12: 32.7899824561404 Total | CDR12: 32.813474 | CDS12: 32.8134736842105 Total | CDT12: 32.836965 | CDU12: 32.8369649122807 Total | CDV12: 32.860456 | CDW12: 32.8604561403509 Total | CDX12: 32.883947 | CDY12: 32.8839473684211 Total | CDZ12: 32.907439 | CEA12: 32.9074385964912 Total | CEB12: 32.93093 | CEC12: 32.9309298245614 Total | CED12: 32.954421 | CEE12: 32.9544210526316 Total | CEF12: 32.977912 | CEG12: 32.9779122807018 Total | CEH12: 33.001404 | CEI12: 33.0014035087719 Total | CEJ12: 33.024895 | CEK12: 33.0248947368421 Total | CEL12: 33.048386 | CEM12: 33.0483859649123 Total | CEN12: 33.071877 | CEO12: 33.0718771929825 Total | CEP12: 33.095368 | CEQ12: 33.0953684210526 Total | CER12: 33.11886 | CES12: 33.1188596491228 Total | CET12: 33.142351 | CEU12: 33.142350877193 Total | CEV12: 33.165842 | CEW12: 33.1658421052632 Total | CEX12: 33.189333 | CEY12: 33.1893333333333 Total | CEZ12: 33.212825 | CFA12: 33.2128245614035 Total | CFB12: 33.236316 | CFC12: 33.2363157894737 Total | CFD12: 33.259807 | CFE12: 33.2598070175439 Total | CFF12: 33.283298 | CFG12: 33.283298245614 Total | CFH12: 33.306789 | CFI12: 33.3067894736842 Total | CFJ12: 33.330281 | CFK12: 33.3302807017544 Total | CFL12: 33.353772 | CFM12: 33.3537719298246 Total | CFN12: 33.377263 | CFO12: 33.3772631578948 Total | CFP12: 33.400754 | CFQ12: 33.4007543859649 Total | CFR12: 33.424246 | CFS12: 33.4242456140351 Total | CFT12: 33.447737 | CFU12: 33.4477368421053 Total | CFV12: 33.471228 | CFW12: 33.4712280701755 Total | CFX12: 33.494719 | CFY12: 33.4947192982456 Total | CFZ12: 33.518211 | CGA12: 33.5182105263158 Total | CGB12: 33.541702 | CGC12: 33.541701754386 Total | CGD12: 33.565193 | CGE12: 33.5651929824562 Total | CGF12: 33.588684 | CGG12: 33.5886842105263 Total | CGH12: 33.612175 | CGI12: 33.6121754385965 Total | CGJ12: 33.635667 | CGK12: 33.6356666666667 Total | CGL12: 33.659158 | CGM12: 33.6591578947369 Total | CGN12: 33.682649 | CGO12: 33.682649122807 Total | CGP12: 33.70614 | CGQ12: 33.7061403508772 Total | CGR12: 33.729632 | CGS12: 33.7296315789474 Total | CGT12: 33.753123 | CGU12: 33.7531228070176 Total | CGV12: 33.776614 | CGW12: 33.7766140350877 Total | CGX12: 33.800105 | CGY12: 33.8001052631579 Total | CGZ12: 33.823596 | CHA12: 33.8235964912281 Total | CHB12: 33.847088 | CHC12: 33.8470877192983 Total | CHD12: 33.870579 | CHE12: 33.8705789473684 Total | CHF12: 33.89407 | CHG12: 33.8940701754386 Total | CHH12: 33.917561 | CHI12: 33.9175614035088 Total | CHJ12: 33.941053 | CHK12: 33.941052631579 Total | CHL12: 33.964544 | CHM12: 33.9645438596491 Total | CHN12: 33.988035 | CHO12: 33.9880350877193 Total | CHP12: 34.011526 | CHQ12: 34.0115263157895 Total | CHR12: 34.035018 | CHS12: 34.0350175438597 Total | CHT12: 34.058509 | CHU12: 34.0585087719298 Total | CHV12: 34.082 | CHW12: 34.082 Total | CHX12: 34.105491 | CHY12: 34.1054912280702 Total | CHZ12: 34.128982 | CIA12: 34.1289824561404 Total | CIB12: 34.152474 | CIC12: 34.1524736842105 Total | CID12: 34.175965 | CIE12: 34.1759649122807 Total | CIF12: 34.199456 | CIG12: 34.1994561403509 Total | CIH12: 34.222947 | CII12: 34.2229473684211 Total | CIJ12: 34.246439 | CIK12: 34.2464385964912 Total | CIL12: 34.26993 | CIM12: 34.2699298245614 Total | CIN12: 34.293421 | CIO12: 34.2934210526316 Total | CIP12: 34.316912 | CIQ12: 34.3169122807018 Total | CIR12: 34.340404 | CIS12: 34.3404035087719 Total | CIT12: 34.363895 | CIU12: 34.3638947368421 Total | CIV12: 34.387386 | CIW12: 34.3873859649123 Total | CIX12: 34.410877 | CIY12: 34.4108771929825 Total | CIZ12: 34.434368 | CJA12: 34.4343684210526 Total | CJB12: 34.45786 | CJC12: 34.4578596491228 Total | CJD12: 34.481351 | CJE12: 34.481350877193 Total | CJF12: 34.504842 | CJG12: 34.5048421052632 Total | CJH12: 34.528333 | CJI12: 34.5283333333333 Total | CJJ12: 34.551825 | CJK12: 34.5518245614035 Total | CJL12: 34.575316 | CJM12: 34.5753157894737 Total | CJN12: 34.598807 | CJO12: 34.5988070175439 Total | CJP12: 34.622298 | CJQ12: 34.6222982456141 Total | CJR12: 34.645789 | CJS12: 34.6457894736842 Total | CJT12: 34.669281 | CJU12: 34.6692807017544 Total | CJV12: 34.692772 | CJW12: 34.6927719298246 Total | CJX12: 34.716263 | CJY12: 34.7162631578948 Total | CJZ12: 34.739754 | CKA12: 34.7397543859649 Total | CKB12: 34.763246 | CKC12: 34.7632456140351 Total | CKD12: 34.786737 | CKE12: 34.7867368421053 Total | CKF12: 34.810228 | CKG12: 34.8102280701755 Total | CKH12: 34.833719 | CKI12: 34.8337192982456 Total | CKJ12: 34.857211 | CKK12: 34.8572105263158 Total | CKL12: 34.880702 | CKM12: 34.880701754386 Total | CKN12: 34.904193 | CKO12: 34.9041929824562 Total | CKP12: 34.927684 | CKQ12: 34.9276842105263 Total | CKR12: 34.951175 | CKS12: 34.9511754385965 Total | CKT12: 34.974667 | CKU12: 34.9746666666667 Total | CKV12: 34.998158 | CKW12: 34.9981578947369 Total | CKX12: 35.021649 | CKY12: 35.021649122807 Total | CKZ12: 35.04514 | CLA12: 35.0451403508772 Total | CLB12: 35.068632 | CLC12: 35.0686315789474 Total | CLD12: 35.092123 | CLE12: 35.0921228070176 Total | CLF12: 35.115614 | CLG12: 35.1156140350877 Total | CLH12: 35.139105 | CLI12: 35.1391052631579 Total | CLJ12: 35.162596 | CLK12: 35.1625964912281 Total | CLL12: 35.186088 | CLM12: 35.1860877192983 Total | CLN12: 35.209579 | CLO12: 35.2095789473684 Total | CLP12: 35.23307 | CLQ12: 35.2330701754386 Total | CLR12: 35.256561 | CLS12: 35.2565614035088 Total | CLT12: 35.280053 | CLU12: 35.280052631579 Total | CLV12: 35.303544 | CLW12: 35.3035438596491 Total | CLX12: 35.327035 | CLY12: 35.3270350877193 Total | CLZ12: 35.350526 | CMA12: 35.3505263157895 Total | CMB12: 35.374018 | CMC12: 35.3740175438597 Total | CMD12: 35.397509 | CME12: 35.3975087719298 Total | CMF12: 35.421 | CMG12: 35.421 Total | CMH12: 35.444491 | CMI12: 35.4444912280702 Total | CMJ12: 35.467982 | CMK12: 35.4679824561404 Total | CML12: 35.491474 | CMM12: 35.4914736842105 Total | CMN12: 35.514965 | CMO12: 35.5149649122807 Total | CMP12: 35.538456 | CMQ12: 35.5384561403509 Total | CMR12: 35.561947 | CMS12: 35.5619473684211 Total | CMT12: 35.585439 | CMU12: 35.5854385964912 Total | CMV12: 35.60893 | CMW12: 35.6089298245614 Total | CMX12: 35.632421 | CMY12: 35.6324210526316 Total | CMZ12: 35.655912 | CNA12: 35.6559122807018 Total | CNB12: 35.679404 | CNC12: 35.6794035087719 Total | CND12: 35.702895 | CNE12: 35.7028947368421 Total | CNF12: 35.726386 | CNG12: 35.7263859649123 Total | CNH12: 35.749877 | CNI12: 35.7498771929825 Total | CNJ12: 35.773368 | CNK12: 35.7733684210526 Total | CNL12: 35.79686 | CNM12: 35.7968596491228 Total | CNN12: 35.820351 | CNO12: 35.820350877193 Total | CNP12: 35.843842 | CNQ12: 35.8438421052632 Total | CNR12: 35.867333 | CNS12: 35.8673333333333 Total | CNT12: 35.890825 | CNU12: 35.8908245614035 Total | CNV12: 35.914316 | CNW12: 35.9143157894737 Total | CNX12: 35.937807 | CNY12: 35.9378070175439 Total | CNZ12: 35.961298 | COA12: 35.9612982456141 Total | COB12: 35.984789 | COC12: 35.9847894736842 Total | COD12: 36.008281 | COE12: 36.0082807017544 Total | COF12: 36.031772 | COG12: 36.0317719298246 Total | COH12: 36.055263 | COI12: 36.0552631578948 Total | COJ12: 36.078754 | COK12: 36.0787543859649 Total | COL12: 36.102246 | COM12: 36.1022456140351 Total | CON12: 36.125737 | COO12: 36.1257368421053 Total | COP12: 36.149228 | COQ12: 36.1492280701755 Total | COR12: 36.172719 | COS12: 36.1727192982456 Total | COT12: 36.196211 | COU12: 36.1962105263158 Total | COV12: 36.219702 | COW12: 36.219701754386 Total | COX12: 36.243193 | COY12: 36.2431929824562 Total | COZ12: 36.266684 | CPA12: 36.2666842105263 Total | CPB12: 36.290175 | CPC12: 36.2901754385965 Total | CPD12: 36.313667 | CPE12: 36.3136666666667 Total | CPF12: 36.337158 | CPG12: 36.3371578947369 Total | CPH12: 36.360649 | CPI12: 36.360649122807 Total | CPJ12: 36.38414 | CPK12: 36.3841403508772 Total | CPL12: 36.407632 | CPM12: 36.4076315789474 Total | CPN12: 36.431123 | CPO12: 36.4311228070176 Total | CPP12: 36.454614 | CPQ12: 36.4546140350877 Total | CPR12: 36.478105 | CPS12: 36.4781052631579 Total | CPT12: 36.501596 | CPU12: 36.5015964912281 Total | CPV12: 36.525088 | CPW12: 36.5250877192983 Total | CPX12: 36.548579 | CPY12: 36.5485789473684 Total | CPZ12: 36.57207 | CQA12: 36.5720701754386 Total | CQB12: 36.595561 | CQC12: 36.5955614035088 Total | CQD12: 36.619053 | CQE12: 36.619052631579 Total | CQF12: 36.642544 | CQG12: 36.6425438596491 Total | CQH12: 36.666035 | CQI12: 36.6660350877193 Total | CQJ12: 36.689526 | CQK12: 36.6895263157895 Total | CQL12: 36.713018 | CQM12: 36.7130175438597 Total | CQN12: 36.736509 | CQO12: 36.7365087719298 Total | CQP12: 36.76 | CQQ12: 36.76 Total | CQR12: 36.783491 | CQS12: 36.7834912280702 Total | CQT12: 36.806982 | CQU12: 36.8069824561404 Total | CQV12: 36.830474 | CQW12: 36.8304736842105 Total | CQX12: 36.853965 | CQY12: 36.8539649122807 Total | CQZ12: 36.877456 | CRA12: 36.8774561403509 Total | CRB12: 36.900947 | CRC12: 36.9009473684211 Total | CRD12: 36.924439 | CRE12: 36.9244385964912 Total | CRF12: 36.94793 | CRG12: 36.9479298245614 Total | CRH12: 36.971421 | CRI12: 36.9714210526316 Total | CRJ12: 36.994912 | CRK12: 36.9949122807018 Total | CRL12: 37.018404 | CRM12: 37.0184035087719 Total | CRN12: 37.041895 | CRO12: 37.0418947368421 Total | CRP12: 37.065386 | CRQ12: 37.0653859649123 Total | CRR12: 37.088877 | CRS12: 37.0888771929825 Total | CRT12: 37.112368 | CRU12: 37.1123684210527 Total | CRV12: 37.13586 | CRW12: 37.1358596491228 Total | CRX12: 37.159351 | CRY12: 37.159350877193 Total | CRZ12: 37.182842 | CSA12: 37.1828421052632 Total | CSB12: 37.206333 | CSC12: 37.2063333333334 Total | CSD12: 37.229825 | CSE12: 37.2298245614035 Total | CSF12: 37.253316 | CSG12: 37.2533157894737 Total | CSH12: 37.276807 | CSI12: 37.2768070175439 Total | CSJ12: 37.300298 | CSK12: 37.3002982456141 Total | CSL12: 37.323789 | CSM12: 37.3237894736842 Total | CSN12: 37.347281 | CSO12: 37.3472807017544 Total | CSP12: 37.370772 | CSQ12: 37.3707719298246 Total | CSR12: 37.394263 | CSS12: 37.3942631578948 Total | CST12: 37.417754 | CSU12: 37.4177543859649 Total | CSV12: 37.441246 | CSW12: 37.4412456140351 Total | CSX12: 37.464737 | CSY12: 37.4647368421053 Total | CSZ12: 37.488228 | CTA12: 37.4882280701755 Total | CTB12: 37.511719 | CTC12: 37.5117192982456 Total | CTD12: 37.535211 | CTE12: 37.5352105263158 Total | CTF12: 37.558702 | CTG12: 37.558701754386 Total | CTH12: 37.582193 | CTI12: 37.5821929824562 Total | CTJ12: 37.605684 | CTK12: 37.6056842105263 Total | CTL12: 37.629175 | CTM12: 37.6291754385965 Total | CTN12: 37.652667 | CTO12: 37.6526666666667 Total | CTP12: 37.676158 | CTQ12: 37.6761578947369 Total | CTR12: 37.699649 | CTS12: 37.699649122807 Total | CTT12: 37.72314 | CTU12: 37.7231403508772 Total | CTV12: 37.746632 | CTW12: 37.7466315789474 Total | CTX12: 37.770123 | CTY12: 37.7701228070176 Total | CTZ12: 37.793614 | CUA12: 37.7936140350877 Total | CUB12: 37.817105 | CUC12: 37.8171052631579 Total | CUD12: 37.840596 | CUE12: 37.8405964912281 Total | CUF12: 37.864088 | CUG12: 37.8640877192983 Total | CUH12: 37.887579 | CUI12: 37.8875789473684 Total | CUJ12: 37.91107 | CUK12: 37.9110701754386 Total | CUL12: 37.934561 | CUM12: 37.9345614035088 Total | CUN12: 37.958053 | CUO12: 37.958052631579 Total | CUP12: 37.981544 | CUQ12: 37.9815438596491 Total | CUR12: 38.005035 | CUS12: 38.0050350877193 Total | CUT12: 38.028526 | CUU12: 38.0285263157895 Total | CUV12: 38.052018 | CUW12: 38.0520175438597 Total | CUX12: 38.075509 | CUY12: 38.0755087719298 Total | CUZ12: 38.099 | CVA12: 38.099 Total | CVB12: 38.122491 | CVC12: 38.1224912280702 Total | CVD12: 38.145982 | CVE12: 38.1459824561404 Total | CVF12: 38.169474 | CVG12: 38.1694736842105 Total | CVH12: 38.192965 | CVI12: 38.1929649122807 Total | CVJ12: 38.216456 | CVK12: 38.2164561403509 Total | CVL12: 38.239947 | CVM12: 38.2399473684211 Total | CVN12: 38.263439 | CVO12: 38.2634385964912 Total | CVP12: 38.28693 | CVQ12: 38.2869298245614 Total | CVR12: 38.310421 | CVS12: 38.3104210526316 Total | CVT12: 38.333912 | CVU12: 38.3339122807018 Total | CVV12: 38.357404 | CVW12: 38.3574035087719 Total | CVX12: 38.380895 | CVY12: 38.3808947368421 Total | CVZ12: 38.404386 | CWA12: 38.4043859649123 Total | CWB12: 38.427877 | CWC12: 38.4278771929825 Total | CWD12: 38.451368 | CWE12: 38.4513684210527 Total | CWF12: 38.47486 | CWG12: 38.4748596491228 Total | CWH12: 38.498351 | CWI12: 38.498350877193 Total | CWJ12: 38.521842 | CWK12: 38.5218421052632 Total | CWL12: 38.545333 | CWM12: 38.5453333333334 Total | CWN12: 38.568825 | CWO12: 38.5688245614035 Total | CWP12: 38.592316 | CWQ12: 38.5923157894737 Total | CWR12: 38.615807 | CWS12: 38.6158070175439 Total | CWT12: 38.639298 | CWU12: 38.6392982456141 Total | CWV12: 38.662789 | CWW12: 38.6627894736842 Total | CWX12: 38.686281 | CWY12: 38.6862807017544 Total | CWZ12: 38.709772 | CXA12: 38.7097719298246 Total | CXB12: 38.733263 | CXC12: 38.7332631578948 Total | CXD12: 38.756754 | CXE12: 38.7567543859649 Total | CXF12: 38.780246 | CXG12: 38.7802456140351 Total | CXH12: 38.803737 | CXI12: 38.8037368421053 Total | CXJ12: 38.827228 | CXK12: 38.8272280701755 Total | CXL12: 38.850719 | CXM12: 38.8507192982456 Total | CXN12: 38.874211 | CXO12: 38.8742105263158 Total | CXP12: 38.897702 | CXQ12: 38.897701754386 Total | CXR12: 38.921193 | CXS12: 38.9211929824562 Total | CXT12: 38.944684 | CXU12: 38.9446842105263 Total | CXV12: 38.968175 | CXW12: 38.9681754385965 Total | CXX12: 38.991667 | CXY12: 38.9916666666667 Total | CXZ12: 39.015158 | CYA12: 39.0151578947369 Total | CYB12: 39.038649 | CYC12: 39.038649122807 Total | CYD12: 39.06214 | CYE12: 39.0621403508772 Total | CYF12: 39.085632 | CYG12: 39.0856315789474 Total | CYH12: 39.109123 | CYI12: 39.1091228070176 Total | CYJ12: 39.132614 | CYK12: 39.1326140350877 Total | CYL12: 39.156105 | CYM12: 39.1561052631579 Total | CYN12: 39.179596 | CYO12: 39.1795964912281 Total | CYP12: 39.203088 | CYQ12: 39.2030877192983 Total | CYR12: 39.226579 | CYS12: 39.2265789473684 Total | CYT12: 39.25007 | CYU12: 39.2500701754386 Total | CYV12: 39.273561 | CYW12: 39.2735614035088 Total | CYX12: 39.297053 | CYY12: 39.297052631579 Total | CYZ12: 39.320544 | CZA12: 39.3205438596491 Total | CZB12: 39.344035 | CZC12: 39.3440350877193 Total | CZD12: 39.367526 | CZE12: 39.3675263157895 Total | CZF12: 39.391018 | CZG12: 39.3910175438597 Total | CZH12: 39.414509 | CZI12: 39.4145087719298 Total | CZJ12: 39.438 | CZK12: 39.438 Total | CZL12: 39.461491 | CZM12: 39.4614912280702 Total | CZN12: 39.484982 | CZO12: 39.4849824561404 Total | CZP12: 39.508474 | CZQ12: 39.5084736842106 Total | CZR12: 39.531965 | CZS12: 39.5319649122807 Total | CZT12: 39.555456 | CZU12: 39.5554561403509 Total | CZV12: 39.578947 | CZW12: 39.5789473684211 Total | CZX12: 39.602439 | CZY12: 39.6024385964913 Total | CZZ12: 39.62593 | DAA12: 39.6259298245614 Total | DAB12: 39.649421 | DAC12: 39.6494210526316 Total | DAD12: 39.672912 | DAE12: 39.6729122807018 Total | DAF12: 39.696404 | DAG12: 39.696403508772 Total | DAH12: 39.719895 | DAI12: 39.7198947368421 Total | DAJ12: 39.743386 | DAK12: 39.7433859649123 Total | DAL12: 39.766877 | DAM12: 39.7668771929825 Total | DAN12: 39.790368 | DAO12: 39.7903684210527 Total | DAP12: 39.81386 | DAQ12: 39.8138596491228 Total | DAR12: 39.837351 | DAS12: 39.837350877193 Total | DAT12: 39.860842 | DAU12: 39.8608421052632 Total | DAV12: 39.884333 | DAW12: 39.8843333333334 Total | DAX12: 39.907825 | DAY12: 39.9078245614035 Total | DAZ12: 39.931316 | DBA12: 39.9313157894737 Total | DBB12: 39.954807 | DBC12: 39.9548070175439 Total | DBD12: 39.978298 | DBE12: 39.9782982456141 Total | DBF12: 40.001789 | DBG12: 40.0017894736842 Total | DBH12: 40.025281 | DBI12: 40.0252807017544 Total | DBJ12: 40.048772 | DBK12: 40.0487719298246 Total | DBL12: 40.072263 | DBM12: 40.0722631578948 Total | DBN12: 40.095754 | DBO12: 40.0957543859649 Total | DBP12: 40.119246 | DBQ12: 40.1192456140351 Total | DBR12: 40.142737 | DBS12: 40.1427368421053 Total | DBT12: 40.166228 | DBU12: 40.1662280701755 Total | DBV12: 40.189719 | DBW12: 40.1897192982456 Total | DBX12: 40.213211 | DBY12: 40.2132105263158 Total | DBZ12: 40.236702 | DCA12: 40.236701754386 Total | DCB12: 40.260193 | DCC12: 40.2601929824562 Total | DCD12: 40.283684 | DCE12: 40.2836842105263 Total | DCF12: 40.307175 | DCG12: 40.3071754385965 Total | DCH12: 40.330667 | DCI12: 40.3306666666667 Total | DCJ12: 40.354158 | DCK12: 40.3541578947369 Total | DCL12: 40.377649 | DCM12: 40.377649122807 Total | DCN12: 40.40114 | DCO12: 40.4011403508772 Total | DCP12: 40.424632 | DCQ12: 40.4246315789474 Total | DCR12: 40.448123 | DCS12: 40.4481228070176 Total | DCT12: 40.471614 | DCU12: 40.4716140350877 Total | DCV12: 40.495105 | DCW12: 40.4951052631579 Total | DCX12: 40.518596 | DCY12: 40.5185964912281 Total | DCZ12: 40.542088 | DDA12: 40.5420877192983 Total | DDB12: 40.565579 | DDC12: 40.5655789473684 Total | DDD12: 40.58907 | DDE12: 40.5890701754386 Total | DDF12: 40.612561 | DDG12: 40.6125614035088 Total | DDH12: 40.636053 | DDI12: 40.636052631579 Total | DDJ12: 40.659544 | DDK12: 40.6595438596491 Total | DDL12: 40.683035 | DDM12: 40.6830350877193 Total | DDN12: 40.706526 | DDO12: 40.7065263157895 Total | DDP12: 40.730018 | DDQ12: 40.7300175438597 Total | DDR12: 40.753509 | DDS12: 40.7535087719298 Total | DDT12: 40.777 | DDU12: 40.777 Total | DDV12: 40.800491 | DDW12: 40.8004912280702 Total | DDX12: 40.823982 | DDY12: 40.8239824561404 Total | DDZ12: 40.847474 | DEA12: 40.8474736842106 Total | DEB12: 40.870965 | DEC12: 40.8709649122807 Total | DED12: 40.894456 | DEE12: 40.8944561403509 Total | DEF12: 40.917947 | DEG12: 40.9179473684211 Total | DEH12: 40.941439 | DEI12: 40.9414385964913 Total | DEJ12: 40.96493 | DEK12: 40.9649298245614 Total | DEL12: 40.988421 | DEM12: 40.9884210526316 Total | DEN12: 41.011912 | DEO12: 41.0119122807018 Total | DEP12: 41.035404 | DEQ12: 41.035403508772 Total | DER12: 41.058895 | DES12: 41.0588947368421 Total | DET12: 41.082386 | DEU12: 41.0823859649123 Total | DEV12: 41.105877 | DEW12: 41.1058771929825 Total | DEX12: 41.129368 | DEY12: 41.1293684210527 Total | DEZ12: 41.15286 | DFA12: 41.1528596491228 Total | DFB12: 41.176351 | DFC12: 41.176350877193 Total | DFD12: 41.199842 | DFE12: 41.1998421052632 Total | DFF12: 41.223333 | DFG12: 41.2233333333334 Total | DFH12: 41.246825 | DFI12: 41.2468245614035 Total | DFJ12: 41.270316 | DFK12: 41.2703157894737 Total | DFL12: 41.293807 | DFM12: 41.2938070175439 Total | DFN12: 41.317298 | DFO12: 41.3172982456141 Total | DFP12: 41.340789 | DFQ12: 41.3407894736842 Total | DFR12: 41.364281 | DFS12: 41.3642807017544 Total | DFT12: 41.387772 | DFU12: 41.3877719298246 Total | DFV12: 41.411263 | DFW12: 41.4112631578948 Total | DFX12: 41.434754 | DFY12: 41.4347543859649 Total | DFZ12: 41.458246 | DGA12: 41.4582456140351 Total | DGB12: 41.481737 | DGC12: 41.4817368421053 Total | DGD12: 41.505228 | DGE12: 41.5052280701755 Total | DGF12: 41.528719 | DGG12: 41.5287192982456 Total | DGH12: 41.552211 | DGI12: 41.5522105263158 Total | DGJ12: 41.575702 | DGK12: 41.575701754386 Total | DGL12: 41.599193 | DGM12: 41.5991929824562 Total | DGN12: 41.622684 | DGO12: 41.6226842105263 Total | DGP12: 41.646175 | DGQ12: 41.6461754385965 Total | DGR12: 41.669667 | DGS12: 41.6696666666667 Total | DGT12: 41.693158 | DGU12: 41.6931578947369 Total | DGV12: 41.716649 | DGW12: 41.716649122807 Total | DGX12: 41.74014 | DGY12: 41.7401403508772 Total | DGZ12: 41.763632 | DHA12: 41.7636315789474 Total | DHB12: 41.787123 | DHC12: 41.7871228070176 Total | DHD12: 41.810614 | DHE12: 41.8106140350878 Total | DHF12: 41.834105 | DHG12: 41.8341052631579 Total | DHH12: 41.857596 | DHI12: 41.8575964912281 Total | DHJ12: 41.881088 | DHK12: 41.8810877192983 Total | DHL12: 41.904579 | DHM12: 41.9045789473684 Total | DHN12: 41.92807 | DHO12: 41.9280701754386 Total | DHP12: 41.951561 | DHQ12: 41.9515614035088 Total | DHR12: 41.975053 | DHS12: 41.975052631579 Total | DHT12: 41.998544 | DHU12: 41.9985438596492 Total | DHV12: 42.022035 | DHW12: 42.0220350877193 Total | DHX12: 42.045526 | DHY12: 42.0455263157895 Total | DHZ12: 42.069018 | DIA12: 42.0690175438597 Total | DIB12: 42.092509 | DIC12: 42.0925087719299 Total | DID12: 42.116 | DIE12: 42.116 Total | DIF12: 42.139491 | DIG12: 42.1394912280702 Total | DIH12: 42.162982 | DII12: 42.1629824561404 Total | DIJ12: 42.186474 | DIK12: 42.1864736842106 Total | DIL12: 42.209965 | DIM12: 42.2099649122807 Total | DIN12: 42.233456 | DIO12: 42.2334561403509 Total | DIP12: 42.256947 | DIQ12: 42.2569473684211 Total | DIR12: 42.280439 | DIS12: 42.2804385964913 Total | DIT12: 42.30393 | DIU12: 42.3039298245614 Total | DIV12: 42.327421 | DIW12: 42.3274210526316 Total | DIX12: 42.350912 | DIY12: 42.3509122807018 Total | DIZ12: 42.374404 | DJA12: 42.374403508772 Total | DJB12: 42.397895 | DJC12: 42.3978947368421 Total | DJD12: 42.421386 | DJE12: 42.4213859649123 Total | DJF12: 42.444877 | DJG12: 42.4448771929825 Total | DJH12: 42.468368 | DJI12: 42.4683684210527 Total | DJJ12: 42.49186 | DJK12: 42.4918596491228 Total | DJL12: 42.515351 | DJM12: 42.515350877193 Total | DJN12: 42.538842 | DJO12: 42.5388421052632 Total | DJP12: 42.562333 | DJQ12: 42.5623333333334 Total | DJR12: 42.585825 | DJS12: 42.5858245614035 Total | DJT12: 42.609316 | DJU12: 42.6093157894737 Total | DJV12: 42.632807 | DJW12: 42.6328070175439 Total | DJX12: 42.656298 | DJY12: 42.6562982456141 Total | DJZ12: 42.679789 | DKA12: 42.6797894736842 Total | DKB12: 42.703281 | DKC12: 42.7032807017544 Total | DKD12: 42.726772 | DKE12: 42.7267719298246 Total | DKF12: 42.750263 | DKG12: 42.7502631578948 Total | DKH12: 42.773754 | DKI12: 42.7737543859649 Total | DKJ12: 42.797246 | DKK12: 42.7972456140351 Total | DKL12: 42.820737 | DKM12: 42.8207368421053 Total | DKN12: 42.844228 | DKO12: 42.8442280701755 Total | DKP12: 42.867719 | DKQ12: 42.8677192982456 Total | DKR12: 42.891211 | DKS12: 42.8912105263158 Total | DKT12: 42.914702 | DKU12: 42.914701754386 Total | DKV12: 42.938193 | DKW12: 42.9381929824562 Total | DKX12: 42.961684 | DKY12: 42.9616842105263 Total | DKZ12: 42.985175 | DLA12: 42.9851754385965 Total | DLB12: 43.008667 | DLC12: 43.0086666666667 Total | DLD12: 43.032158 | DLE12: 43.0321578947369 Total | DLF12: 43.055649 | DLG12: 43.055649122807 Total | DLH12: 43.07914 | DLI12: 43.0791403508772 Total | DLJ12: 43.102632 | DLK12: 43.1026315789474 Total | DLL12: 43.126123 | DLM12: 43.1261228070176 Total | DLN12: 43.149614 | DLO12: 43.1496140350877 Total | DLP12: 43.173105 | DLQ12: 43.1731052631579 Total | DLR12: 43.196596 | DLS12: 43.1965964912281 Total | DLT12: 43.220088 | DLU12: 43.2200877192983 Total | DLV12: 43.243579 | DLW12: 43.2435789473685 Total | DLX12: 43.26707 | DLY12: 43.2670701754386 Total | DLZ12: 43.290561 | DMA12: 43.2905614035088 Total | DMB12: 43.314053 | DMC12: 43.314052631579 Total | DMD12: 43.337544 | DME12: 43.3375438596492 Total | DMF12: 43.361035 | DMG12: 43.3610350877193 Total | DMH12: 43.384526 | DMI12: 43.3845263157895 Total | DMJ12: 43.408018 | DMK12: 43.4080175438597 Total | DML12: 43.431509 | DMM12: 43.4315087719299 Total | DMN12: 43.455 | DMO12: 43.455 Total | DMP12: 43.478491 | DMQ12: 43.4784912280702 Total | DMR12: 43.501982 | DMS12: 43.5019824561404 Total | DMT12: 43.525474 | DMU12: 43.5254736842106 Total | DMV12: 43.548965 | DMW12: 43.5489649122807 Total | DMX12: 43.572456 | DMY12: 43.5724561403509 Total | DMZ12: 43.595947 | DNA12: 43.5959473684211 Total | DNB12: 43.619439 | DNC12: 43.6194385964913 Total | DND12: 43.64293 | DNE12: 43.6429298245614 Total | DNF12: 43.666421 | DNG12: 43.6664210526316 Total | DNH12: 43.689912 | DNI12: 43.6899122807018 Total | DNJ12: 43.713404 | DNK12: 43.713403508772 Total | DNL12: 43.736895 | DNM12: 43.7368947368421 Total | DNN12: 43.760386 | DNO12: 43.7603859649123 Total | DNP12: 43.783877 | DNQ12: 43.7838771929825 Total | DNR12: 43.807368 | DNS12: 43.8073684210527 Total | DNT12: 43.83086 | DNU12: 43.8308596491228 Total | DNV12: 43.854351 | DNW12: 43.854350877193 Total | DNX12: 43.877842 | DNY12: 43.8778421052632 Total | DNZ12: 43.901333 | DOA12: 43.9013333333334 Total | DOB12: 43.924825 | DOC12: 43.9248245614035 Total | DOD12: 43.948316 | DOE12: 43.9483157894737 Total | DOF12: 43.971807 | DOG12: 43.9718070175439 Total | DOH12: 43.995298 | DOI12: 43.9952982456141 Total | DOJ12: 44.018789 | DOK12: 44.0187894736842 Total | DOL12: 44.042281 | DOM12: 44.0422807017544 Total | DON12: 44.065772 | DOO12: 44.0657719298246 Total | DOP12: 44.089263 | DOQ12: 44.0892631578948 Total | DOR12: 44.112754 | DOS12: 44.1127543859649 Total | DOT12: 44.136246 | DOU12: 44.1362456140351 Total | DOV12: 44.159737 | DOW12: 44.1597368421053 Total | DOX12: 44.183228 | DOY12: 44.1832280701755 Total | DOZ12: 44.206719 | DPA12: 44.2067192982456 Total | DPB12: 44.230211 | DPC12: 44.2302105263158 Total | DPD12: 44.253702 | DPE12: 44.253701754386 Total | DPF12: 44.277193 | DPG12: 44.2771929824562 Total | DPH12: 44.300684 | DPI12: 44.3006842105263 Total | DPJ12: 44.324175 | DPK12: 44.3241754385965 Total | DPL12: 44.347667 | DPM12: 44.3476666666667 Total | DPN12: 44.371158 | DPO12: 44.3711578947369 Total | DPP12: 44.394649 | DPQ12: 44.3946491228071 Total | DPR12: 44.41814 | DPS12: 44.4181403508772 Total | DPT12: 44.441632 | DPU12: 44.4416315789474 Total | DPV12: 44.465123 | DPW12: 44.4651228070176 Total | DPX12: 44.488614 | DPY12: 44.4886140350878 Total | DPZ12: 44.512105 | DQA12: 44.5121052631579 Total | DQB12: 44.535596 | DQC12: 44.5355964912281 Total | DQD12: 44.559088 | DQE12: 44.5590877192983 Total | DQF12: 44.582579 | DQG12: 44.5825789473685 Total | DQH12: 44.60607 | DQI12: 44.6060701754386 Total | DQJ12: 44.629561 | DQK12: 44.6295614035088 Total | DQL12: 44.653053 | DQM12: 44.653052631579 Total | DQN12: 44.676544 | DQO12: 44.6765438596492 Total | DQP12: 44.700035 | DQQ12: 44.7000350877193 Total | DQR12: 44.723526 | DQS12: 44.7235263157895 Total | DQT12: 44.747018 | DQU12: 44.7470175438597 Total | DQV12: 44.770509 | DQW12: 44.7705087719299 Total | DQX12: 44.794 | DQY12: 44.794 Total | DQZ12: 44.817491 | DRA12: 44.8174912280702 Total | DRB12: 44.840982 | DRC12: 44.8409824561404 Total | DRD12: 44.864474 | DRE12: 44.8644736842106 Total | DRF12: 44.887965 | DRG12: 44.8879649122807 Total | DRH12: 44.911456 | DRI12: 44.9114561403509 Total | DRJ12: 44.934947 | DRK12: 44.9349473684211 Total | DRL12: 44.958439 | DRM12: 44.9584385964913 Total | DRN12: 44.98193 | DRO12: 44.9819298245614 Total | DRP12: 45.005421 | DRQ12: 45.0054210526316 Total | DRR12: 45.028912 | DRS12: 45.0289122807018 Total | DRT12: 45.052404 | DRU12: 45.052403508772 Total | DRV12: 45.075895 | DRW12: 45.0758947368421 Total | DRX12: 45.099386 | DRY12: 45.0993859649123 Total | DRZ12: 45.122877 | DSA12: 45.1228771929825 Total | DSB12: 45.146368 | DSC12: 45.1463684210527 Total | DSD12: 45.16986 | DSE12: 45.1698596491228 Total | DSF12: 45.193351 | DSG12: 45.193350877193 Total | DSH12: 45.216842 | DSI12: 45.2168421052632 Total | DSJ12: 45.240333 | DSK12: 45.2403333333334 Total | DSL12: 45.263825 | DSM12: 45.2638245614035 Total | DSN12: 45.287316 | DSO12: 45.2873157894737 Total | DSP12: 45.310807 | DSQ12: 45.3108070175439 Total | DSR12: 45.334298 | DSS12: 45.3342982456141 Total | DST12: 45.357789 | DSU12: 45.3577894736842 Total | DSV12: 45.381281 | DSW12: 45.3812807017544 Total | DSX12: 45.404772 | DSY12: 45.4047719298246 Total | DSZ12: 45.428263 | DTA12: 45.4282631578948 Total | DTB12: 45.451754 | DTC12: 45.4517543859649 Total | DTD12: 45.475246 | DTE12: 45.4752456140351 Total | DTF12: 45.498737 | DTG12: 45.4987368421053 Total | DTH12: 45.522228 | DTI12: 45.5222280701755 Total | DTJ12: 45.545719 | DTK12: 45.5457192982456 Total | DTL12: 45.569211 | DTM12: 45.5692105263158 Total | DTN12: 45.592702 | DTO12: 45.592701754386 Total | DTP12: 45.616193 | DTQ12: 45.6161929824562 Total | DTR12: 45.639684 | DTS12: 45.6396842105264 Total | DTT12: 45.663175 | DTU12: 45.6631754385965 Total | DTV12: 45.686667 | DTW12: 45.6866666666667 Total | DTX12: 45.710158 | DTY12: 45.7101578947369 Total | DTZ12: 45.733649 | DUA12: 45.733649122807 Total | DUB12: 45.75714 | DUC12: 45.7571403508772 Total | DUD12: 45.780632 | DUE12: 45.7806315789474 Total | DUF12: 45.804123 | DUG12: 45.8041228070176 Total | DUH12: 45.827614 | DUI12: 45.8276140350878 Total | DUJ12: 45.851105 | DUK12: 45.8511052631579 Total | DUL12: 45.874596 | DUM12: 45.8745964912281 Total | DUN12: 45.898088 | DUO12: 45.8980877192983 Total | DUP12: 45.921579 | DUQ12: 45.9215789473685 Total | DUR12: 45.94507 | DUS12: 45.9450701754386 Total | DUT12: 45.968561 | DUU12: 45.9685614035088 Total | DUV12: 45.992053 | DUW12: 45.992052631579 Total | DUX12: 46.015544 | DUY12: 46.0155438596492 Total | DUZ12: 46.039035 | DVA12: 46.0390350877193 Total | DVB12: 46.062526 | DVC12: 46.0625263157895 Total | DVD12: 46.086018 | DVE12: 46.0860175438597 Total | DVF12: 46.109509 | DVG12: 46.1095087719299 Total | DVH12: 46.133 | DVI12: 46.133 Total | DVJ12: 46.156491 | DVK12: 46.1564912280702 Total | DVL12: 46.179982 | DVM12: 46.1799824561404 Total | DVN12: 46.203474 | DVO12: 46.2034736842106 Total | DVP12: 46.226965 | DVQ12: 46.2269649122807 Total | DVR12: 46.250456 | DVS12: 46.2504561403509 Total | DVT12: 46.273947 | DVU12: 46.2739473684211 Total | DVV12: 46.297439 | DVW12: 46.2974385964913 Total | DVX12: 46.32093 | DVY12: 46.3209298245614 Total | DVZ12: 46.344421 | DWA12: 46.3444210526316 Total | DWB12: 46.367912 | DWC12: 46.3679122807018 Total | DWD12: 46.391404 | DWE12: 46.391403508772 Total | DWF12: 46.414895 | DWG12: 46.4148947368421 Total | DWH12: 46.438386 | DWI12: 46.4383859649123 Total | DWJ12: 46.461877 | DWK12: 46.4618771929825 Total | DWL12: 46.485368 | DWM12: 46.4853684210527 Total | DWN12: 46.50886 | DWO12: 46.5088596491228 Total | DWP12: 46.532351 | DWQ12: 46.532350877193 Total | DWR12: 46.555842 | DWS12: 46.5558421052632 Total | DWT12: 46.579333 | DWU12: 46.5793333333334 Total | DWV12: 46.602825 | DWW12: 46.6028245614035 Total | DWX12: 46.626316 | DWY12: 46.6263157894737 Total | DWZ12: 46.649807 | DXA12: 46.6498070175439 Total | DXB12: 46.673298 | DXC12: 46.6732982456141 Total | DXD12: 46.696789 | DXE12: 46.6967894736842 Total | DXF12: 46.720281 | DXG12: 46.7202807017544 Total | DXH12: 46.743772 | DXI12: 46.7437719298246 Total | DXJ12: 46.767263 | DXK12: 46.7672631578948 Total | DXL12: 46.790754 | DXM12: 46.7907543859649 Total | DXN12: 46.814246 | DXO12: 46.8142456140351 Total | DXP12: 46.837737 | DXQ12: 46.8377368421053 Total | DXR12: 46.861228 | DXS12: 46.8612280701755 Total | DXT12: 46.884719 | DXU12: 46.8847192982457 Total | DXV12: 46.908211 | DXW12: 46.9082105263158 Total | DXX12: 46.931702 | DXY12: 46.931701754386 Total | DXZ12: 46.955193 | DYA12: 46.9551929824562 Total | DYB12: 46.978684 | DYC12: 46.9786842105264 Total | DYD12: 47.002175 | DYE12: 47.0021754385965 Total | DYF12: 47.025667 | DYG12: 47.0256666666667 Total | DYH12: 47.049158 | DYI12: 47.0491578947369 Total | DYJ12: 47.072649 | DYK12: 47.0726491228071 Total | DYL12: 47.09614 | DYM12: 47.0961403508772 Total | DYN12: 47.119632 | DYO12: 47.1196315789474 Total | DYP12: 47.143123 | DYQ12: 47.1431228070176 Total | DYR12: 47.166614 | DYS12: 47.1666140350878 Total | DYT12: 47.190105 | DYU12: 47.1901052631579 Total | DYV12: 47.213596 | DYW12: 47.2135964912281 Total | DYX12: 47.237088 | DYY12: 47.2370877192983 Total | DYZ12: 47.260579 | DZA12: 47.2605789473685 Total | DZB12: 47.28407 | DZC12: 47.2840701754386 Total | DZD12: 47.307561 | DZE12: 47.3075614035088 Total | DZF12: 47.331053 | DZG12: 47.331052631579 Total | DZH12: 47.354544 | DZI12: 47.3545438596492 Total | DZJ12: 47.378035 | DZK12: 47.3780350877193 Total | DZL12: 47.401526 | DZM12: 47.4015263157895 Total | DZN12: 47.425018 | DZO12: 47.4250175438597 Total | DZP12: 47.448509 | DZQ12: 47.4485087719299 Total | DZR12: 47.472 | DZS12: 47.472 Total | DZT12: 47.495491 | DZU12: 47.4954912280702 Total | DZV12: 47.518982 | DZW12: 47.5189824561404 Total | DZX12: 47.542474 | DZY12: 47.5424736842106 Total | DZZ12: 47.565965 | EAA12: 47.5659649122807 Total | EAB12: 47.589456 | EAC12: 47.5894561403509 Total | EAD12: 47.612947 | EAE12: 47.6129473684211 Total | EAF12: 47.636439 | EAG12: 47.6364385964913 Total | EAH12: 47.65993 | EAI12: 47.6599298245614 Total | EAJ12: 47.683421 | EAK12: 47.6834210526316 Total | EAL12: 47.706912 | EAM12: 47.7069122807018 Total | EAN12: 47.730404 | EAO12: 47.730403508772 Total | EAP12: 47.753895 | EAQ12: 47.7538947368421 Total | EAR12: 47.777386 | EAS12: 47.7773859649123 Total | EAT12: 47.800877 | EAU12: 47.8008771929825 Total | EAV12: 47.824368 | EAW12: 47.8243684210527 Total | EAX12: 47.84786 | EAY12: 47.8478596491228 Total | EAZ12: 47.871351 | EBA12: 47.871350877193 Total | EBB12: 47.894842 | EBC12: 47.8948421052632 Total | EBD12: 47.918333 | EBE12: 47.9183333333334 Total | EBF12: 47.941825 | EBG12: 47.9418245614035 Total | EBH12: 47.965316 | EBI12: 47.9653157894737 Total | EBJ12: 47.988807 | EBK12: 47.9888070175439 Total | EBL12: 48.012298 | EBM12: 48.0122982456141 Total | EBN12: 48.035789 | EBO12: 48.0357894736843 Total | EBP12: 48.059281 | EBQ12: 48.0592807017544 Total | EBR12: 48.082772 | EBS12: 48.0827719298246 Total | EBT12: 48.106263 | EBU12: 48.1062631578948 Total | EBV12: 48.129754 | EBW12: 48.1297543859649 Total | EBX12: 48.153246 | EBY12: 48.1532456140351 Total | EBZ12: 48.176737 | ECA12: 48.1767368421053 Total | ECB12: 48.200228 | ECC12: 48.2002280701755 Total | ECD12: 48.223719 | ECE12: 48.2237192982457 Total | ECF12: 48.247211 | ECG12: 48.2472105263158 Total | ECH12: 48.270702 | ECI12: 48.270701754386 Total | ECJ12: 48.294193 | ECK12: 48.2941929824562 Total | ECL12: 48.317684 | ECM12: 48.3176842105264 Total | ECN12: 48.341175 | ECO12: 48.3411754385965 Total | ECP12: 48.364667 | ECQ12: 48.3646666666667 Total | ECR12: 48.388158 | ECS12: 48.3881578947369 Total | ECT12: 48.411649 | ECU12: 48.4116491228071 Total | ECV12: 48.43514 | ECW12: 48.4351403508772 Total | ECX12: 48.458632 | ECY12: 48.4586315789474 Total | ECZ12: 48.482123 | EDA12: 48.4821228070176 Total | EDB12: 48.505614 | EDC12: 48.5056140350878 Total | EDD12: 48.529105 | EDE12: 48.5291052631579 Total | EDF12: 48.552596 | EDG12: 48.5525964912281 Total | EDH12: 48.576088 | EDI12: 48.5760877192983 Total | EDJ12: 48.599579 | EDK12: 48.5995789473685 Total | EDL12: 48.62307 | EDM12: 48.6230701754386 Total | EDN12: 48.646561 | EDO12: 48.6465614035088 Total | EDP12: 48.670053 | EDQ12: 48.670052631579 Total | EDR12: 48.693544 | EDS12: 48.6935438596492 Total | EDT12: 48.717035 | EDU12: 48.7170350877193 Total | EDV12: 48.740526 | EDW12: 48.7405263157895 Total | EDX12: 48.764018 | EDY12: 48.7640175438597 Total | EDZ12: 48.787509 | EEA12: 48.7875087719299 Total | EEB12: 48.811 | EEC12: 48.811 Total | EED12: 48.834491 | EEE12: 48.8344912280702 Total | EEF12: 48.857982 | EEG12: 48.8579824561404 Total | EEH12: 48.881474 | EEI12: 48.8814736842106 Total | EEJ12: 48.904965 | EEK12: 48.9049649122807 Total | EEL12: 48.928456 | EEM12: 48.9284561403509 Total | EEN12: 48.951947 | EEO12: 48.9519473684211 Total | EEP12: 48.975439 | EEQ12: 48.9754385964913 Total | EER12: 48.99893 | EES12: 48.9989298245614 Total | EET12: 49.022421 | EEU12: 49.0224210526316 Total | EEV12: 49.045912 | EEW12: 49.0459122807018 Total | EEX12: 49.069404 | EEY12: 49.069403508772 Total | EEZ12: 49.092895 | EFA12: 49.0928947368421 Total | EFB12: 49.116386 | EFC12: 49.1163859649123 Total | EFD12: 49.139877 | EFE12: 49.1398771929825 Total | EFF12: 49.163368 | EFG12: 49.1633684210527 Total | EFH12: 49.18686 | EFI12: 49.1868596491228 Total | EFJ12: 49.210351 | EFK12: 49.210350877193 Total | EFL12: 49.233842 | EFM12: 49.2338421052632 Total | EFN12: 49.257333 | EFO12: 49.2573333333334 Total | EFP12: 49.280825 | EFQ12: 49.2808245614035 Total | EFR12: 49.304316 | EFS12: 49.3043157894737 Total | EFT12: 49.327807 | EFU12: 49.3278070175439 Total | EFV12: 49.351298 | EFW12: 49.3512982456141 Total | EFX12: 49.374789 | EFY12: 49.3747894736843 Total | EFZ12: 49.398281 | EGA12: 49.3982807017544 Total | EGB12: 49.421772 | EGC12: 49.4217719298246 Total | EGD12: 49.445263 | EGE12: 49.4452631578948 Total | EGF12: 49.468754 | EGG12: 49.468754385965 Total | EGH12: 49.492246 | EGI12: 49.4922456140351 Total | EGJ12: 49.515737 | EGK12: 49.5157368421053 Total | EGL12: 49.539228 | EGM12: 49.5392280701755 Total | EGN12: 49.562719 | EGO12: 49.5627192982457 Total | EGP12: 49.586211 | EGQ12: 49.5862105263158 Total | EGR12: 49.609702 | EGS12: 49.609701754386 Total | EGT12: 49.633193 | EGU12: 49.6331929824562 Total | EGV12: 49.656684 | EGW12: 49.6566842105264 Total | EGX12: 49.680175 | EGY12: 49.6801754385965 Total | EGZ12: 49.703667 | EHA12: 49.7036666666667 Total | EHB12: 49.727158 | EHC12: 49.7271578947369 Total | EHD12: 49.750649 | EHE12: 49.7506491228071 Total | EHF12: 49.77414 | EHG12: 49.7741403508772 Total | EHH12: 49.797632 | EHI12: 49.7976315789474 Total | EHJ12: 49.821123 | EHK12: 49.8211228070176 Total | EHL12: 49.844614 | EHM12: 49.8446140350878 Total | EHN12: 49.868105 | EHO12: 49.8681052631579 Total | EHP12: 49.891596 | EHQ12: 49.8915964912281 Total | EHR12: 49.915088 | EHS12: 49.9150877192983 Total | EHT12: 49.938579 | EHU12: 49.9385789473685 Total | EHV12: 49.96207 | EHW12: 49.9620701754386 Total | EHX12: 49.985561 | EHY12: 49.9855614035088 Total | EHZ12: 50.009053 | EIA12: 50.009052631579 Total | EIB12: 50.032544 | EIC12: 50.0325438596492 Total | EID12: 50.056035 | EIE12: 50.0560350877193 Total | EIF12: 50.079526 | EIG12: 50.0795263157895 Total | EIH12: 50.103018 | EII12: 50.1030175438597 Total | EIJ12: 50.126509 | EIK12: 50.1265087719299 Total | EIL12: 50.15 | EIM12: 50.15 Total | EIN12: 50.173491 | EIO12: 50.1734912280702 Total | EIP12: 50.196982 | EIQ12: 50.1969824561404 Total | EIR12: 50.220474 | EIS12: 50.2204736842106 Total | EIT12: 50.243965 | EIU12: 50.2439649122807 Total | EIV12: 50.267456 | EIW12: 50.2674561403509 Total | EIX12: 50.290947 | EIY12: 50.2909473684211 Total | EIZ12: 50.314439 | EJA12: 50.3144385964913 Total | EJB12: 50.33793 | EJC12: 50.3379298245614 Total | EJD12: 50.361421 | EJE12: 50.3614210526316 Total | EJF12: 50.384912 | EJG12: 50.3849122807018 Total | EJH12: 50.408404 | EJI12: 50.408403508772 Total | EJJ12: 50.431895 | EJK12: 50.4318947368422 Total | EJL12: 50.455386 | EJM12: 50.4553859649123 Total | EJN12: 50.478877 | EJO12: 50.4788771929825 Total | EJP12: 50.502368 | EJQ12: 50.5023684210527 Total | EJR12: 50.52586 | EJS12: 50.5258596491228 Total | EJT12: 50.549351 | EJU12: 50.549350877193 Total | EJV12: 50.572842 | EJW12: 50.5728421052632 Total | EJX12: 50.596333 | EJY12: 50.5963333333334 Total | EJZ12: 50.619825 | EKA12: 50.6198245614036 Total | EKB12: 50.643316 | EKC12: 50.6433157894737 Total | EKD12: 50.666807 | EKE12: 50.6668070175439 Total | EKF12: 50.690298 | EKG12: 50.6902982456141 Total | EKH12: 50.713789 | EKI12: 50.7137894736843 Total | EKJ12: 50.737281 | EKK12: 50.7372807017544 Total | EKL12: 50.760772 | EKM12: 50.7607719298246 Total | EKN12: 50.784263 | EKO12: 50.7842631578948 Total | EKP12: 50.807754 | EKQ12: 50.807754385965 Total | EKR12: 50.831246 | EKS12: 50.8312456140351 Total | EKT12: 50.854737 | EKU12: 50.8547368421053 Total | EKV12: 50.878228 | EKW12: 50.8782280701755 Total | EKX12: 50.901719 | EKY12: 50.9017192982457 Total | EKZ12: 50.925211 | ELA12: 50.9252105263158 Total | ELB12: 50.948702 | ELC12: 50.948701754386 Total | ELD12: 50.972193 | ELE12: 50.9721929824562 Total | ELF12: 50.995684 | ELG12: 50.9956842105264 Total | ELH12: 51.019175 | ELI12: 51.0191754385965 Total | ELJ12: 51.042667 | ELK12: 51.0426666666667 Total | ELL12: 51.066158 | ELM12: 51.0661578947369 Total | ELN12: 51.089649 | ELO12: 51.0896491228071 Total | ELP12: 51.11314 | ELQ12: 51.1131403508772 Total | ELR12: 51.136632 | ELS12: 51.1366315789474 Total | ELT12: 51.160123 | ELU12: 51.1601228070176 Total | ELV12: 51.183614 | ELW12: 51.1836140350878 Total | ELX12: 51.207105 | ELY12: 51.2071052631579 Total | ELZ12: 51.230596 | EMA12: 51.2305964912281 Total | EMB12: 51.254088 | EMC12: 51.2540877192983 Total | EMD12: 51.277579 | EME12: 51.2775789473685 Total | EMF12: 51.30107 | EMG12: 51.3010701754386 Total | EMH12: 51.324561 | EMI12: 51.3245614035088 Total | EMJ12: 51.348053 | EMK12: 51.348052631579 Total | EML12: 51.371544 | EMM12: 51.3715438596492 Total | EMN12: 51.395035 | EMO12: 51.3950350877193 Total | EMP12: 51.418526 | EMQ12: 51.4185263157895 Total | EMR12: 51.442018 | EMS12: 51.4420175438597 Total | EMT12: 51.465509 | EMU12: 51.4655087719299 Total | EMV12: 51.489 | EMW12: 51.489 Total | EMX12: 51.512491 | EMY12: 51.5124912280702 Total | EMZ12: 51.535982 | ENA12: 51.5359824561404 Total | ENB12: 51.559474 | ENC12: 51.5594736842106 Total | END12: 51.582965 | ENE12: 51.5829649122807 Total | ENF12: 51.606456 | ENG12: 51.6064561403509 Total | ENH12: 51.629947 | ENI12: 51.6299473684211 Total | ENJ12: 51.653439 | ENK12: 51.6534385964913 Total | ENL12: 51.67693 | ENM12: 51.6769298245614 Total | ENN12: 51.700421 | ENO12: 51.7004210526316 Total | ENP12: 51.723912 | ENQ12: 51.7239122807018 Total | ENR12: 51.747404 | ENS12: 51.747403508772 Total | ENT12: 51.770895 | ENU12: 51.7708947368421 Total | ENV12: 51.794386 | ENW12: 51.7943859649123 Total | ENX12: 51.817877 | ENY12: 51.8178771929825 Total | ENZ12: 51.841368 | EOA12: 51.8413684210527 Total | EOB12: 51.86486 | EOC12: 51.8648596491229 Total | EOD12: 51.888351 | EOE12: 51.888350877193 Total | EOF12: 51.911842 | EOG12: 51.9118421052632 Total | EOH12: 51.935333 | EOI12: 51.9353333333334 Total | EOJ12: 51.958825 | EOK12: 51.9588245614036 Total | EOL12: 51.982316 | EOM12: 51.9823157894737 Total | EON12: 52.005807 | EOO12: 52.0058070175439 Total | EOP12: 52.029298 | EOQ12: 52.0292982456141 Total | EOR12: 52.052789 | EOS12: 52.0527894736843 Total | EOT12: 52.076281 | EOU12: 52.0762807017544 Total | EOV12: 52.099772 | EOW12: 52.0997719298246 Total | EOX12: 52.123263 | EOY12: 52.1232631578948 Total | EOZ12: 52.146754 | EPA12: 52.146754385965 Total | EPB12: 52.170246 | EPC12: 52.1702456140351 Total | EPD12: 52.193737 | EPE12: 52.1937368421053 Total | EPF12: 52.217228 | EPG12: 52.2172280701755 Total | EPH12: 52.240719 | EPI12: 52.2407192982457 Total | EPJ12: 52.264211 | EPK12: 52.2642105263158 Total | EPL12: 52.287702 | EPM12: 52.287701754386 Total | EPN12: 52.311193 | EPO12: 52.3111929824562 Total | EPP12: 52.334684 | EPQ12: 52.3346842105264 Total | EPR12: 52.358175 | EPS12: 52.3581754385965 Total | EPT12: 52.381667 | EPU12: 52.3816666666667 Total | EPV12: 52.405158 | EPW12: 52.4051578947369 Total | EPX12: 52.428649 | EPY12: 52.4286491228071 Total | EPZ12: 52.45214 | EQA12: 52.4521403508772 Total | EQB12: 52.475632 | EQC12: 52.4756315789474 Total | EQD12: 52.499123 | EQE12: 52.4991228070176 Total | EQF12: 52.522614 | EQG12: 52.5226140350878 Total | EQH12: 52.546105 | EQI12: 52.5461052631579 Total | EQJ12: 52.569596 | EQK12: 52.5695964912281 Total | EQL12: 52.593088 | EQM12: 52.5930877192983 Total | EQN12: 52.616579 | EQO12: 52.6165789473685 Total | EQP12: 52.64007 | EQQ12: 52.6400701754386 Total | EQR12: 52.663561 | EQS12: 52.6635614035088 Total | EQT12: 52.687053 | EQU12: 52.687052631579 Total | EQV12: 52.710544 | EQW12: 52.7105438596492 Total | EQX12: 52.734035 | EQY12: 52.7340350877193 Total | EQZ12: 52.757526 | ERA12: 52.7575263157895 Total | ERB12: 52.781018 | ERC12: 52.7810175438597 Total | ERD12: 52.804509 | ERE12: 52.8045087719299 Total | ERF12: 52.828 | ERG12: 52.8280000000001 Total | ERH12: 52.851491 | ERI12: 52.8514912280702 Total | ERJ12: 52.874982 | ERK12: 52.8749824561404 Total | ERL12: 52.898474 | ERM12: 52.8984736842106 Total | ERN12: 52.921965 | ERO12: 52.9219649122807 Total | ERP12: 52.945456 | ERQ12: 52.9454561403509 Total | ERR12: 52.968947 | ERS12: 52.9689473684211 Total | ERT12: 52.992439 | ERU12: 52.9924385964913 Total | ERV12: 53.01593 | ERW12: 53.0159298245615 Total | ERX12: 53.039421 | ERY12: 53.0394210526316 Total | ERZ12: 53.062912 | ESA12: 53.0629122807018 Total | ESB12: 53.086404 | ESC12: 53.086403508772 Total | ESD12: 53.109895 | ESE12: 53.1098947368422 Total | ESF12: 53.133386 | ESG12: 53.1333859649123 Total | ESH12: 53.156877 | ESI12: 53.1568771929825 Total | ESJ12: 53.180368 | ESK12: 53.1803684210527 Total | ESL12: 53.20386 | ESM12: 53.2038596491229 Total | ESN12: 53.227351 | ESO12: 53.227350877193 Total | ESP12: 53.250842 | ESQ12: 53.2508421052632 Total | ESR12: 53.274333 | ESS12: 53.2743333333334 Total | EST12: 53.297825 | ESU12: 53.2978245614036 Total | ESV12: 53.321316 | ESW12: 53.3213157894737 Total | ESX12: 53.344807 | ESY12: 53.3448070175439 Total | ESZ12: 53.368298 | ETA12: 53.3682982456141 Total | ETB12: 53.391789 | ETC12: 53.3917894736843 Total | ETD12: 53.415281 | ETE12: 53.4152807017544 Total | ETF12: 53.438772 | ETG12: 53.4387719298246 Total | ETH12: 53.462263 | ETI12: 53.4622631578948 Total | ETJ12: 53.485754 | ETK12: 53.485754385965 Total | ETL12: 53.509246 | ETM12: 53.5092456140351 Total | ETN12: 53.532737 | ETO12: 53.5327368421053 Total | ETP12: 53.556228 | ETQ12: 53.5562280701755 Total | ETR12: 53.579719 | ETS12: 53.5797192982457 Total | ETT12: 53.603211 | ETU12: 53.6032105263158 Total | ETV12: 53.626702 | ETW12: 53.626701754386 Total | ETX12: 53.650193 | ETY12: 53.6501929824562 Total | ETZ12: 53.673684 | EUA12: 53.6736842105264 Total | EUB12: 53.697175 | EUC12: 53.6971754385965 Total | EUD12: 53.720667 | EUE12: 53.7206666666667 Total | EUF12: 53.744158 | EUG12: 53.7441578947369 Total | EUH12: 53.767649 | EUI12: 53.7676491228071 Total | EUJ12: 53.79114 | EUK12: 53.7911403508772 Total | EUL12: 53.814632 | EUM12: 53.8146315789474 Total | EUN12: 53.838123 | EUO12: 53.8381228070176 Total | EUP12: 53.861614 | EUQ12: 53.8616140350878 Total | EUR12: 53.885105 | EUS12: 53.8851052631579 Total | EUT12: 53.908596 | EUU12: 53.9085964912281 Total | EUV12: 53.932088 | EUW12: 53.9320877192983 Total | EUX12: 53.955579 | EUY12: 53.9555789473685 Total | EUZ12: 53.97907 | EVA12: 53.9790701754386 Total | EVB12: 54.002561 | EVC12: 54.0025614035088 Total | EVD12: 54.026053 | EVE12: 54.026052631579 Total | EVF12: 54.049544 | EVG12: 54.0495438596492 Total | EVH12: 54.073035 | EVI12: 54.0730350877193 Total | EVJ12: 54.096526 | EVK12: 54.0965263157895 Total | EVL12: 54.120018 | EVM12: 54.1200175438597 Total | EVN12: 54.143509 | EVO12: 54.1435087719299 Total | EVP12: 54.167 | EVQ12: 54.167 Total | EVR12: 54.190491 | EVS12: 54.1904912280702 Total | EVT12: 54.213982 | EVU12: 54.2139824561404 Total | EVV12: 54.237474 | EVW12: 54.2374736842106 Total | EVX12: 54.260965 | EVY12: 54.2609649122808 Total | EVZ12: 54.284456 | EWA12: 54.2844561403509 Total | EWB12: 54.307947 | EWC12: 54.3079473684211 Total | EWD12: 54.331439 | EWE12: 54.3314385964913 Total | EWF12: 54.35493 | EWG12: 54.3549298245614 Total | EWH12: 54.378421 | EWI12: 54.3784210526316 Total | EWJ12: 54.401912 | EWK12: 54.4019122807018 Total | EWL12: 54.425404 | EWM12: 54.425403508772 Total | EWN12: 54.448895 | EWO12: 54.4488947368422 Total | EWP12: 54.472386 | EWQ12: 54.4723859649123 Total | EWR12: 54.495877 | EWS12: 54.4958771929825 Total | EWT12: 54.519368 | EWU12: 54.5193684210527 Total | EWV12: 54.54286 | EWW12: 54.5428596491229 Total | EWX12: 54.566351 | EWY12: 54.566350877193 Total | EWZ12: 54.589842 | EXA12: 54.5898421052632 Total | EXB12: 54.613333 | EXC12: 54.6133333333334 Total | EXD12: 54.636825 | EXE12: 54.6368245614036 Total | EXF12: 54.660316 | EXG12: 54.6603157894737 Total | EXH12: 54.683807 | EXI12: 54.6838070175439 Total | EXJ12: 54.707298 | EXK12: 54.7072982456141 Total | EXL12: 54.730789 | EXM12: 54.7307894736843 Total | EXN12: 54.754281 | EXO12: 54.7542807017544 Total | EXP12: 54.777772 | EXQ12: 54.7777719298246 Total | EXR12: 54.801263 | EXS12: 54.8012631578948 Total | EXT12: 54.824754 | EXU12: 54.824754385965 Total | EXV12: 54.848246 | EXW12: 54.8482456140351 Total | EXX12: 54.871737 | EXY12: 54.8717368421053 Total | EXZ12: 54.895228 | EYA12: 54.8952280701755 Total | EYB12: 54.918719 | EYC12: 54.9187192982457 Total | EYD12: 54.942211 | EYE12: 54.9422105263158 Total | EYF12: 54.965702 | EYG12: 54.965701754386 Total | EYH12: 54.989193 | EYI12: 54.9891929824562 Total | EYJ12: 55.012684 | EYK12: 55.0126842105264 Total | EYL12: 55.036175 | EYM12: 55.0361754385965 Total | EYN12: 55.059667 | EYO12: 55.0596666666667 Total | EYP12: 55.083158 | EYQ12: 55.0831578947369 Total | EYR12: 55.106649 | EYS12: 55.1066491228071 Total | EYT12: 55.13014 | EYU12: 55.1301403508772 Total | EYV12: 55.153632 | EYW12: 55.1536315789474 Total | EYX12: 55.177123 | EYY12: 55.1771228070176 Total | EYZ12: 55.200614 | EZA12: 55.2006140350878 Total | EZB12: 55.224105 | EZC12: 55.2241052631579 Total | EZD12: 55.247596 | EZE12: 55.2475964912281 Total | EZF12: 55.271088 | EZG12: 55.2710877192983 Total | EZH12: 55.294579 | EZI12: 55.2945789473685 Total | EZJ12: 55.31807 | EZK12: 55.3180701754386 Total | EZL12: 55.341561 | EZM12: 55.3415614035088 Total | EZN12: 55.365053 | EZO12: 55.365052631579 Total | EZP12: 55.388544 | EZQ12: 55.3885438596492 Total | EZR12: 55.412035 | EZS12: 55.4120350877194 Total | EZT12: 55.435526 | EZU12: 55.4355263157895 Total | EZV12: 55.459018 | EZW12: 55.4590175438597 Total | EZX12: 55.482509 | EZY12: 55.4825087719299 Total | EZZ12: 55.506 | FAA12: 55.5060000000001 Total | FAB12: 55.529491 | FAC12: 55.5294912280702 Total | FAD12: 55.552982 | FAE12: 55.5529824561404 Total | FAF12: 55.576474 | FAG12: 55.5764736842106 Total | FAH12: 55.599965 | FAI12: 55.5999649122808 Total | FAJ12: 55.623456 | FAK12: 55.6234561403509 Total | FAL12: 55.646947 | FAM12: 55.6469473684211 Total | FAN12: 55.670439 | FAO12: 55.6704385964913 Total | FAP12: 55.69393 | FAQ12: 55.6939298245615 Total | FAR12: 55.717421 | FAS12: 55.7174210526316 Total | FAT12: 55.740912 | FAU12: 55.7409122807018 Total | FAV12: 55.764404 | FAW12: 55.764403508772 Total | FAX12: 55.787895 | FAY12: 55.7878947368422 Total | FAZ12: 55.811386 | FBA12: 55.8113859649123 Total | FBB12: 55.834877 | FBC12: 55.8348771929825 Total | FBD12: 55.858368 | FBE12: 55.8583684210527 Total | FBF12: 55.88186 | FBG12: 55.8818596491229 Total | FBH12: 55.905351 | FBI12: 55.905350877193 Total | FBJ12: 55.928842 | FBK12: 55.9288421052632 Total | FBL12: 55.952333 | FBM12: 55.9523333333334 Total | FBN12: 55.975825 | FBO12: 55.9758245614036 Total | FBP12: 55.999316 | FBQ12: 55.9993157894737 Total | FBR12: 56.022807 | FBS12: 56.0228070175439 Total | FBT12: 56.046298 | FBU12: 56.0462982456141 Total | FBV12: 56.069789 | FBW12: 56.0697894736843 Total | FBX12: 56.093281 | FBY12: 56.0932807017544 Total | FBZ12: 56.116772 | FCA12: 56.1167719298246 Total | FCB12: 56.140263 | FCC12: 56.1402631578948 Total | FCD12: 56.163754 | FCE12: 56.163754385965 Total | FCF12: 56.187246 | FCG12: 56.1872456140351 Total | FCH12: 56.210737 | FCI12: 56.2107368421053 Total | FCJ12: 56.234228 | FCK12: 56.2342280701755 Total | FCL12: 56.257719 | FCM12: 56.2577192982457 Total | FCN12: 56.281211 | FCO12: 56.2812105263158 Total | FCP12: 56.304702 | FCQ12: 56.304701754386 Total | FCR12: 56.328193 | FCS12: 56.3281929824562 Total | FCT12: 56.351684 | FCU12: 56.3516842105264 Total | FCV12: 56.375175 | FCW12: 56.3751754385965 Total | FCX12: 56.398667 | FCY12: 56.3986666666667 Total | FCZ12: 56.422158 | FDA12: 56.4221578947369 Total | FDB12: 56.445649 | FDC12: 56.4456491228071 Total | FDD12: 56.46914 | FDE12: 56.4691403508772 Total | FDF12: 56.492632 | FDG12: 56.4926315789474 Total | FDH12: 56.516123 | FDI12: 56.5161228070176 Total | FDJ12: 56.539614 | FDK12: 56.5396140350878 Total | FDL12: 56.563105 | FDM12: 56.5631052631579 Total | FDN12: 56.586596 | FDO12: 56.5865964912281 Total | FDP12: 56.610088 | FDQ12: 56.6100877192983 Total | FDR12: 56.633579 | FDS12: 56.6335789473685 Total | FDT12: 56.65707 | FDU12: 56.6570701754387 Total | FDV12: 56.680561 | FDW12: 56.6805614035088 Total | FDX12: 56.704053 | FDY12: 56.704052631579 Total | FDZ12: 56.727544 | FEA12: 56.7275438596492 Total | FEB12: 56.751035 | FEC12: 56.7510350877193 Total | FED12: 56.774526 | FEE12: 56.7745263157895 Total | FEF12: 56.798018 | FEG12: 56.7980175438597 Total | FEH12: 56.821509 | FEI12: 56.8215087719299 Total | FEJ12: 56.845 | FEK12: 56.8450000000001 Total | FEL12: 56.868491 | FEM12: 56.8684912280702 Total | FEN12: 56.891982 | FEO12: 56.8919824561404 Total | FEP12: 56.915474 | FEQ12: 56.9154736842106 Total | FER12: 56.938965 | FES12: 56.9389649122808 Total | FET12: 56.962456 | FEU12: 56.9624561403509 Total | FEV12: 56.985947 | FEW12: 56.9859473684211 Total | FEX12: 57.009439 | FEY12: 57.0094385964913 Total | FEZ12: 57.03293 | FFA12: 57.0329298245615 Total | FFB12: 57.056421 | FFC12: 57.0564210526316 Total | FFD12: 57.079912 | FFE12: 57.0799122807018 Total | FFF12: 57.103404 | FFG12: 57.103403508772 Total | FFH12: 57.126895 | FFI12: 57.1268947368422 Total | FFJ12: 57.150386 | FFK12: 57.1503859649123 Total | FFL12: 57.173877 | FFM12: 57.1738771929825 Total | FFN12: 57.197368 | FFO12: 57.1973684210527 Total | FFP12: 57.22086 | FFQ12: 57.2208596491229 Total | FFR12: 57.244351 | FFS12: 57.244350877193 Total | FFT12: 57.267842 | FFU12: 57.2678421052632 Total | FFV12: 57.291333 | FFW12: 57.2913333333334 Total | FFX12: 57.314825 | FFY12: 57.3148245614036 Total | FFZ12: 57.338316 | FGA12: 57.3383157894737 Total | FGB12: 57.361807 | FGC12: 57.3618070175439 Total | FGD12: 57.385298 | FGE12: 57.3852982456141 Total | FGF12: 57.408789 | FGG12: 57.4087894736843 Total | FGH12: 57.432281 | FGI12: 57.4322807017544 Total | FGJ12: 57.455772 | FGK12: 57.4557719298246 Total | FGL12: 57.479263 | FGM12: 57.4792631578948 Total | FGN12: 57.502754 | FGO12: 57.502754385965 Total | FGP12: 57.526246 | FGQ12: 57.5262456140351 Total | FGR12: 57.549737 | FGS12: 57.5497368421053 Total | FGT12: 57.573228 | FGU12: 57.5732280701755 Total | FGV12: 57.596719 | FGW12: 57.5967192982457 Total | FGX12: 57.620211 | FGY12: 57.6202105263158 Total | FGZ12: 57.643702 | FHA12: 57.643701754386 Total | FHB12: 57.667193 | FHC12: 57.6671929824562 Total | FHD12: 57.690684 | FHE12: 57.6906842105264 Total | FHF12: 57.714175 | FHG12: 57.7141754385965 Total | FHH12: 57.737667 | FHI12: 57.7376666666667 Total | FHJ12: 57.761158 | FHK12: 57.7611578947369 Total | FHL12: 57.784649 | FHM12: 57.7846491228071 Total | FHN12: 57.80814 | FHO12: 57.8081403508773 Total | FHP12: 57.831632 | FHQ12: 57.8316315789474 Total | FHR12: 57.855123 | FHS12: 57.8551228070176 Total | FHT12: 57.878614 | FHU12: 57.8786140350878 Total | FHV12: 57.902105 | FHW12: 57.9021052631579 Total | FHX12: 57.925596 | FHY12: 57.9255964912281 Total | FHZ12: 57.949088 | FIA12: 57.9490877192983 Total | FIB12: 57.972579 | FIC12: 57.9725789473685 Total | FID12: 57.99607 | FIE12: 57.9960701754387 Total | FIF12: 58.019561 | FIG12: 58.0195614035088 Total | FIH12: 58.043053 | FII12: 58.043052631579 Total | FIJ12: 58.066544 | FIK12: 58.0665438596492 Total | FIL12: 58.090035 | FIM12: 58.0900350877194 Total | FIN12: 58.113526 | FIO12: 58.1135263157895 Total | FIP12: 58.137018 | FIQ12: 58.1370175438597 Total | FIR12: 58.160509 | FIS12: 58.1605087719299 Total | FIT12: 58.184 | FIU12: 58.1840000000001 Total | FIV12: 58.207491 | FIW12: 58.2074912280702 Total | FIX12: 58.230982 | FIY12: 58.2309824561404 Total | FIZ12: 58.254474 | FJA12: 58.2544736842106 Total | FJB12: 58.277965 | FJC12: 58.2779649122808 Total | FJD12: 58.301456 | FJE12: 58.3014561403509 Total | FJF12: 58.324947 | FJG12: 58.3249473684211 Total | FJH12: 58.348439 | FJI12: 58.3484385964913 Total | FJJ12: 58.37193 | FJK12: 58.3719298245615 Total | FJL12: 58.395421 | FJM12: 58.3954210526316 Total | FJN12: 58.418912 | FJO12: 58.4189122807018 Total | FJP12: 58.442404 | FJQ12: 58.442403508772 Total | FJR12: 58.465895 | FJS12: 58.4658947368422 Total | FJT12: 58.489386 | FJU12: 58.4893859649123 Total | FJV12: 58.512877 | FJW12: 58.5128771929825 Total | FJX12: 58.536368 | FJY12: 58.5363684210527 Total | FJZ12: 58.55986 | FKA12: 58.5598596491229 Total | FKB12: 58.583351 | FKC12: 58.583350877193 Total | FKD12: 58.606842 | FKE12: 58.6068421052632 Total | FKF12: 58.630333 | FKG12: 58.6303333333334 Total | FKH12: 58.653825 | FKI12: 58.6538245614036 Total | FKJ12: 58.677316 | FKK12: 58.6773157894737 Total | FKL12: 58.700807 | FKM12: 58.7008070175439 Total | FKN12: 58.724298 | FKO12: 58.7242982456141 Total | FKP12: 58.747789 | FKQ12: 58.7477894736843 Total | FKR12: 58.771281 | FKS12: 58.7712807017544 Total | FKT12: 58.794772 | FKU12: 58.7947719298246 Total | FKV12: 58.818263 | FKW12: 58.8182631578948 Total | FKX12: 58.841754 | FKY12: 58.841754385965 Total | FKZ12: 58.865246 | FLA12: 58.8652456140351 Total | FLB12: 58.888737 | FLC12: 58.8887368421053 Total | FLD12: 58.912228 | FLE12: 58.9122280701755 Total | FLF12: 58.935719 | FLG12: 58.9357192982457 Total | FLH12: 58.959211 | FLI12: 58.9592105263158 Total | FLJ12: 58.982702 | FLK12: 58.982701754386 Total | FLL12: 59.006193 | FLM12: 59.0061929824562 Total | FLN12: 59.029684 | FLO12: 59.0296842105264 Total | FLP12: 59.053175 | FLQ12: 59.0531754385966 Total | FLR12: 59.076667 | FLS12: 59.0766666666667 Total | FLT12: 59.100158 | FLU12: 59.1001578947369 Total | FLV12: 59.123649 | FLW12: 59.1236491228071 Total | FLX12: 59.14714 | FLY12: 59.1471403508772 Total | FLZ12: 59.170632 | FMA12: 59.1706315789474 Total | FMB12: 59.194123 | FMC12: 59.1941228070176 Total | FMD12: 59.217614 | FME12: 59.2176140350878 Total | FMF12: 59.241105 | FMG12: 59.241105263158 Total | FMH12: 59.264596 | FMI12: 59.2645964912281 Total | FMJ12: 59.288088 | FMK12: 59.2880877192983 Total | FML12: 59.311579 | FMM12: 59.3115789473685 Total | FMN12: 59.33507 | FMO12: 59.3350701754387 Total | FMP12: 59.358561 | FMQ12: 59.3585614035088 Total | FMR12: 59.382053 | FMS12: 59.382052631579 Total | FMT12: 59.405544 | FMU12: 59.4055438596492 Total | FMV12: 59.429035 | FMW12: 59.4290350877194 Total | FMX12: 59.452526 | FMY12: 59.4525263157895 Total | FMZ12: 59.476018 | FNA12: 59.4760175438597 Total | FNB12: 59.499509 | FNC12: 59.4995087719299 Total | FND12: 59.523 | FNE12: 59.5230000000001 Total | FNF12: 59.546491 | FNG12: 59.5464912280702 Total | FNH12: 59.569982 | FNI12: 59.5699824561404 Total | FNJ12: 59.593474 | FNK12: 59.5934736842106 Total | FNL12: 59.616965 | FNM12: 59.6169649122808 Total | FNN12: 59.640456 | FNO12: 59.6404561403509 Total | FNP12: 59.663947 | FNQ12: 59.6639473684211 Total | FNR12: 59.687439 | FNS12: 59.6874385964913 Total | FNT12: 59.71093 | FNU12: 59.7109298245615 Total | FNV12: 59.734421 | FNW12: 59.7344210526316 Total | FNX12: 59.757912 | FNY12: 59.7579122807018 Total | FNZ12: 59.781404 | FOA12: 59.781403508772 Total | FOB12: 59.804895 | FOC12: 59.8048947368422 Total | FOD12: 59.828386 | FOE12: 59.8283859649123 Total | FOF12: 59.851877 | FOG12: 59.8518771929825 Total | FOH12: 59.875368 | FOI12: 59.8753684210527 Total | FOJ12: 59.89886 | FOK12: 59.8988596491229 Total | FOL12: 59.922351 | FOM12: 59.922350877193 Total | FON12: 59.945842 | FOO12: 59.9458421052632 Total | FOP12: 59.969333 | FOQ12: 59.9693333333334 Total | FOR12: 59.992825 | FOS12: 59.9928245614036 Total | FOT12: 60.016316 | FOU12: 60.0163157894737 Total | FOV12: 60.039807 | FOW12: 60.0398070175439 Total | FOX12: 60.063298 | FOY12: 60.0632982456141 Total | FOZ12: 60.086789 | FPA12: 60.0867894736843 Total | FPB12: 60.110281 | FPC12: 60.1102807017544 Total | FPD12: 60.133772 | FPE12: 60.1337719298246 Total | FPF12: 60.157263 | FPG12: 60.1572631578948 Total | FPH12: 60.180754 | FPI12: 60.180754385965 Total | FPJ12: 60.204246 | FPK12: 60.2042456140351 Total | FPL12: 60.227737 | FPM12: 60.2277368421053 Total | FPN12: 60.251228 | FPO12: 60.2512280701755 Total | FPP12: 60.274719 | FPQ12: 60.2747192982457 Total | FPR12: 60.298211 | FPS12: 60.2982105263158 Total | FPT12: 60.321702 | FPU12: 60.321701754386 Total | FPV12: 60.345193 | FPW12: 60.3451929824562 Total | FPX12: 60.368684 | FPY12: 60.3686842105264 Total | FPZ12: 60.392175 | FQA12: 60.3921754385966 Total | FQB12: 60.415667 | FQC12: 60.4156666666667 Total | FQD12: 60.439158 | FQE12: 60.4391578947369 Total | FQF12: 60.462649 | FQG12: 60.4626491228071 Total | FQH12: 60.48614 | FQI12: 60.4861403508773 Total | FQJ12: 60.509632 | FQK12: 60.5096315789474 Total | FQL12: 60.533123 | FQM12: 60.5331228070176 Total | FQN12: 60.556614 | FQO12: 60.5566140350878 Total | FQP12: 60.580105 | FQQ12: 60.580105263158 Total | FQR12: 60.603596 | FQS12: 60.6035964912281 Total | FQT12: 60.627088 | FQU12: 60.6270877192983 Total | FQV12: 60.650579 | FQW12: 60.6505789473685 Total | FQX12: 60.67407 | FQY12: 60.6740701754387 Total | FQZ12: 60.697561 | FRA12: 60.6975614035088 Total | FRB12: 60.721053 | FRC12: 60.721052631579 Total | FRD12: 60.744544 | FRE12: 60.7445438596492 Total | FRF12: 60.768035 | FRG12: 60.7680350877194 Total | FRH12: 60.791526 | FRI12: 60.7915263157895 Total | FRJ12: 60.815018 | FRK12: 60.8150175438597 Total | FRL12: 60.838509 | FRM12: 60.8385087719299 Total | FRN12: 60.862 | FRO12: 60.8620000000001 Total | FRP12: 60.885491 | FRQ12: 60.8854912280702 Total | FRR12: 60.908982 | FRS12: 60.9089824561404 Total | FRT12: 60.932474 | FRU12: 60.9324736842106 Total | FRV12: 60.955965 | FRW12: 60.9559649122808 Total | FRX12: 60.979456 | FRY12: 60.9794561403509 Total | FRZ12: 61.002947 | FSA12: 61.0029473684211 Total | FSB12: 61.026439 | FSC12: 61.0264385964913 Total | FSD12: 61.04993 | FSE12: 61.0499298245615 Total | FSF12: 61.073421 | FSG12: 61.0734210526316 Total | FSH12: 61.096912 | FSI12: 61.0969122807018 Total | FSJ12: 61.120404 | FSK12: 61.120403508772 Total | FSL12: 61.143895 | FSM12: 61.1438947368422 Total | FSN12: 61.167386 | FSO12: 61.1673859649123 Total | FSP12: 61.190877 | FSQ12: 61.1908771929825 Total | FSR12: 61.214368 | FSS12: 61.2143684210527 Total | FST12: 61.23786 | FSU12: 61.2378596491229 Total | FSV12: 61.261351 | FSW12: 61.261350877193 Total | FSX12: 61.284842 | FSY12: 61.2848421052632 Total | FSZ12: 61.308333 | FTA12: 61.3083333333334 Total | FTB12: 61.331825 | FTC12: 61.3318245614036 Total | FTD12: 61.355316 | FTE12: 61.3553157894737 Total | FTF12: 61.378807 | FTG12: 61.3788070175439 Total | FTH12: 61.402298 | FTI12: 61.4022982456141 Total | FTJ12: 61.425789 | FTK12: 61.4257894736843 Total | FTL12: 61.449281 | FTM12: 61.4492807017545 Total | FTN12: 61.472772 | FTO12: 61.4727719298246 Total | FTP12: 61.496263 | FTQ12: 61.4962631578948 Total | FTR12: 61.519754 | FTS12: 61.519754385965 Total | FTT12: 61.543246 | FTU12: 61.5432456140351 Total | FTV12: 61.566737 | FTW12: 61.5667368421053 Total | FTX12: 61.590228 | FTY12: 61.5902280701755 Total | FTZ12: 61.613719 | FUA12: 61.6137192982457 Total | FUB12: 61.637211 | FUC12: 61.6372105263159 Total | FUD12: 61.660702 | FUE12: 61.660701754386 Total | FUF12: 61.684193 | FUG12: 61.6841929824562 Total | FUH12: 61.707684 | FUI12: 61.7076842105264 Total | FUJ12: 61.731175 | FUK12: 61.7311754385966 Total | FUL12: 61.754667 | FUM12: 61.7546666666667 Total | FUN12: 61.778158 | FUO12: 61.7781578947369 Total | FUP12: 61.801649 | FUQ12: 61.8016491228071 Total | FUR12: 61.82514 | FUS12: 61.8251403508773 Total | FUT12: 61.848632 | FUU12: 61.8486315789474 Total | FUV12: 61.872123 | FUW12: 61.8721228070176 Total | FUX12: 61.895614 | FUY12: 61.8956140350878 Total | FUZ12: 61.919105 | FVA12: 61.919105263158 Total | FVB12: 61.942596 | FVC12: 61.9425964912281 Total | FVD12: 61.966088 | FVE12: 61.9660877192983 Total | FVF12: 61.989579 | FVG12: 61.9895789473685 Total | FVH12: 62.01307 | FVI12: 62.0130701754387 Total | FVJ12: 62.036561 | FVK12: 62.0365614035088 Total | FVL12: 62.060053 | FVM12: 62.060052631579 Total | FVN12: 62.083544 | FVO12: 62.0835438596492 Total | FVP12: 62.107035 | FVQ12: 62.1070350877194 Total | FVR12: 62.130526 | FVS12: 62.1305263157895 Total | FVT12: 62.154018 | FVU12: 62.1540175438597 Total | FVV12: 62.177509 | FVW12: 62.1775087719299 Total | FVX12: 62.201 | FVY12: 62.2010000000001 Total | FVZ12: 62.224491 | FWA12: 62.2244912280702 Total | FWB12: 62.247982 | FWC12: 62.2479824561404 Total | FWD12: 62.271474 | FWE12: 62.2714736842106 Total | FWF12: 62.294965 | FWG12: 62.2949649122808 Total | FWH12: 62.318456 | FWI12: 62.3184561403509 Total | FWJ12: 62.341947 | FWK12: 62.3419473684211 Total | FWL12: 62.365439 | FWM12: 62.3654385964913 Total | FWN12: 62.38893 | FWO12: 62.3889298245615 Total | FWP12: 62.412421 | FWQ12: 62.4124210526316 Total | FWR12: 62.435912 | FWS12: 62.4359122807018 Total | FWT12: 62.459404 | FWU12: 62.459403508772 Total | FWV12: 62.482895 | FWW12: 62.4828947368422 Total | FWX12: HBA1C | FWY12: HBA1C Total | FWZ12: Grand Total
